experiment,fold,train_users,tuning_users,evaluation_users,evaluation_start,evaluation_end,feature_count,best_iteration,decision_adjusted,weighted_f1,macro_f1,accuracy,not_churned_precision,not_churned_recall,not_churned_f1,not_churned_support,vol_churn_precision,vol_churn_recall,vol_churn_f1,vol_churn_support,invol_churn_precision,invol_churn_recall,invol_churn_f1,invol_churn_support
base,fold_1,30000,15000,15000,1067-10-14 06:31:12+00:00,1067-10-26 23:56:19+00:00,2,2,False,0.46641943023795646,0.4016858841106223,0.5186,0.5479034085955888,0.837330135891287,0.6623807767297255,7506.0,0.4116727462219906,0.22468714448236632,0.2907083716651334,3516.0,0.4372670807453416,0.1769733534439417,0.25196850393700787,3978.0
base,fold_2,45000,15000,15000,1067-10-27 00:01:34+00:00,1067-11-03 13:40:09+00:00,2,2,False,0.445059178073128,0.3780028310742107,0.5126,0.5283602038259126,0.8578597585785975,0.6539495450785774,7373.0,0.41842105263157897,0.08613217768147345,0.14285714285714285,3692.0,0.4609960334949317,0.26581956797966966,0.3372018052869117,3935.0
base_plus_transactions,fold_1,30000,15000,15000,1067-10-14 06:31:12+00:00,1067-10-26 23:56:19+00:00,46,300,False,0.5243712086175472,0.4650324547601481,0.5722666666666667,0.5742184079166301,0.8735678124167333,0.6929458388375165,7506.0,0.7010309278350515,0.17406143344709898,0.278879015721121,3516.0,0.5225258493353028,0.35570638511814984,0.42327250972180674,3978.0
base_plus_transactions,fold_2,45000,15000,15000,1067-10-27 00:01:34+00:00,1067-11-03 13:40:09+00:00,46,118,False,0.4732817498066624,0.41039443719139995,0.5393333333333333,0.5394382778338379,0.8700664587006646,0.6659745652738126,7373.0,0.5743879472693032,0.08261105092091008,0.14444707553871655,3692.0,0.5316259216142801,0.34815756035578144,0.42076167076167076,3935.0
base_plus_quiz,fold_1,30000,15000,15000,1067-10-14 06:31:12+00:00,1067-10-26 23:56:19+00:00,14,7,False,0.4480083487440946,0.3752753863866614,0.5143333333333333,0.5335811648079306,0.8605115907274181,0.6587119473764724,7506.0,0.4353591160220994,0.11205915813424346,0.17824021714544222,3516.0,0.43316582914572865,0.21669180492709905,0.28887399463806973,3978.0
base_plus_quiz,fold_2,45000,15000,15000,1067-10-27 00:01:34+00:00,1067-11-03 13:40:09+00:00,14,1,False,0.44919947253236797,0.3853323304120071,0.5083333333333333,0.5296693860025762,0.8365658483656585,0.6486486486486487,7373.0,0.38072519083969464,0.1080715059588299,0.16835443037974684,3692.0,0.458604247941049,0.26886912325285894,0.33899391220762576,3935.0
base_plus_purchases,fold_1,30000,15000,15000,1067-10-14 06:31:12+00:00,1067-10-26 23:56:19+00:00,23,129,False,0.46449680548275046,0.39785823424394723,0.5232,0.5434471133586177,0.8590460964561684,0.6657374425687884,7506.0,0.4407090464547677,0.20506257110352674,0.2798913043478261,3516.0,0.45296864576384255,0.17068878833584716,0.24794595581522733,3978.0
base_plus_purchases,fold_2,45000,15000,15000,1067-10-27 00:01:34+00:00,1067-11-03 13:40:09+00:00,23,105,False,0.43090041126371836,0.3604907050486141,0.5062666666666666,0.5208550156112401,0.8824087888240879,0.6550543697140556,7373.0,0.3854258121158911,0.11890574214517877,0.1817429103705237,3692.0,0.4737226277372263,0.16493011435832275,0.24467483506126295,3935.0
base_plus_temporal,fold_1,30000,15000,15000,1067-10-14 06:31:12+00:00,1067-10-26 23:56:19+00:00,26,79,False,0.46686285308180964,0.3998268623652563,0.5234,0.5469029564624691,0.8551825206501465,0.6671516915241906,7506.0,0.4304932735426009,0.19112627986348124,0.2647232617687611,3516.0,0.44653349001175086,0.1910507792860734,0.2676056338028169,3978.0
base_plus_temporal,fold_2,45000,15000,15000,1067-10-27 00:01:34+00:00,1067-11-03 13:40:09+00:00,26,150,False,0.4413394048384827,0.3741942847541986,0.5093333333333333,0.5248894710987392,0.8695239386952394,0.6546178587838872,7373.0,0.3954248366013072,0.13109425785482123,0.1969080553295362,3692.0,0.47695262483994877,0.18932655654383734,0.27105694014917225,3935.0
base_plus_cross_ratios,fold_1,30000,15000,15000,1067-10-14 06:31:12+00:00,1067-10-26 23:56:19+00:00,7,110,False,0.46896525793873767,0.40250547074966403,0.5259333333333334,0.5475624256837098,0.8589128697042366,0.6687759336099585,7506.0,0.43818849449204406,0.2036405005688282,0.27805825242718446,3516.0,0.45603015075376885,0.18250377073906485,0.26068222621184917,3978.0
base_plus_cross_ratios,fold_2,45000,15000,15000,1067-10-27 00:01:34+00:00,1067-11-03 13:40:09+00:00,7,155,False,0.4481127280684484,0.3833099101923619,0.5097333333333334,0.5284066997727463,0.8514851485148515,0.6521242339254181,7373.0,0.382031905961377,0.12323943661971831,0.18636084374360024,3692.0,0.47354771784232363,0.23202033036848793,0.31144465290806755,3935.0
full_without_quiz,fold_1,30000,15000,15000,1067-10-14 06:31:12+00:00,1067-10-26 23:56:19+00:00,82,299,False,0.5208477995712487,0.4607253423007587,0.5702,0.571341728180634,0.8764988009592326,0.6917617370274959,7506.0,0.6818181818181818,0.17064846416382254,0.272975432211101,3516.0,0.527447216890595,0.3453996983408748,0.41743885766367916,3978.0
full_without_quiz,fold_2,45000,15000,15000,1067-10-27 00:01:34+00:00,1067-11-03 13:40:09+00:00,82,219,False,0.47342713744952714,0.41153379339132395,0.5372666666666667,0.5394826412525527,0.8598942085989421,0.6630065359477124,7373.0,0.5822550831792976,0.0853196099674973,0.148830616583983,3692.0,0.51865533801256,0.3567979669631512,0.42276422764227645,3935.0
full_without_payment,fold_1,30000,15000,15000,1067-10-14 06:31:12+00:00,1067-10-26 23:56:19+00:00,71,294,False,0.5002858984089893,0.43623909714258846,0.5489333333333334,0.5749089890786895,0.8205435651478817,0.6761073604478841,7506.0,0.5564853556485355,0.11348122866894197,0.18851878100637845,3516.0,0.46946778711484594,0.4213172448466566,0.4440911499735029,3978.0
full_without_payment,fold_2,45000,15000,15000,1067-10-27 00:01:34+00:00,1067-11-03 13:40:09+00:00,71,125,False,0.4747392782064512,0.41348365691371863,0.5336666666666666,0.5433391003460207,0.8518920385189204,0.6634975967886758,7373.0,0.4921875,0.10238353196099675,0.16950672645739912,3692.0,0.5037425149700598,0.3420584498094028,0.40744664749508097,3935.0
full_without_signup_time,fold_1,30000,15000,15000,1067-10-14 06:31:12+00:00,1067-10-26 23:56:19+00:00,91,291,False,0.5212980216390146,0.4618560888266598,0.5676,0.5762558727864113,0.8497202238209433,0.6867664477226231,7506.0,0.6741854636591479,0.15301478953356087,0.24942049142327308,3516.0,0.5098915124441609,0.4017094017094017,0.44938132733408326,3978.0
full_without_signup_time,fold_2,45000,15000,15000,1067-10-27 00:01:34+00:00,1067-11-03 13:40:09+00:00,91,209,False,0.47311128163926586,0.4102470118515309,0.5394,0.5383201002925199,0.8735928387359284,0.6661495501085944,7373.0,0.5888888888888889,0.08613217768147345,0.1502835538752363,3692.0,0.5338677354709419,0.33850063532401525,0.41430793157076207,3935.0
full_raw,fold_1,30000,15000,15000,1067-10-14 06:31:12+00:00,1067-10-26 23:56:19+00:00,94,300,False,0.5178446055951718,0.4575625498519975,0.5654666666666667,0.573871776504298,0.8538502531308286,0.6864089107850487,7506.0,0.6798469387755102,0.15159271899886234,0.24790697674418605,3516.0,0.505249343832021,0.38712921065862244,0.43837176202675776,3978.0
full_raw,fold_2,45000,15000,15000,1067-10-27 00:01:34+00:00,1067-11-03 13:40:09+00:00,94,158,False,0.4730022260010179,0.4101216400425631,0.5388666666666667,0.5390166135257594,0.8712871287128713,0.6660100565030325,7373.0,0.573502722323049,0.08559046587215602,0.14895121376384635,3692.0,0.5306203081785855,0.3412960609911055,0.4154036498608104,3935.0
full_with_decision_adjustment,fold_1,30000,15000,15000,1067-10-14 06:31:12+00:00,1067-10-26 23:56:19+00:00,94,300,True,0.5324770638016497,0.49032647041896693,0.5484,0.5936640633593664,0.7190247801758594,0.6503584985238297,7506.0,0.47540160642570284,0.26934015927189986,0.3438634713144517,3516.0,0.4804697472555527,0.47310206133735544,0.47675744141861937,3978.0
full_with_decision_adjustment,fold_2,45000,15000,15000,1067-10-27 00:01:34+00:00,1067-11-03 13:40:09+00:00,94,158,True,0.5001677101157969,0.457401149335182,0.524,0.5667533593411357,0.7093449070934491,0.6300825251490874,7373.0,0.4128009395184968,0.19041170097508126,0.2606116774791474,3692.0,0.47358073236667486,0.489707750952986,0.4815092453773113,3935.0
