transition,feature,value,count,proportion,base_proportion,lift_vs_final_cohort
invol_churn -> invol_churn,country_code,IN,265,0.14504652435686918,0.0566,2.562659440934085
invol_churn -> invol_churn,country_code,US,253,0.1384783798576902,0.1834,0.7550620493876238
invol_churn -> invol_churn,country_code,KZ,135,0.07389162561576355,0.023733333333333332,3.113411191675431
invol_churn -> invol_churn,country_code,VN,66,0.0361247947454844,0.008466666666666667,4.266708040805243
invol_churn -> invol_churn,country_code,BR,63,0.034482758620689655,0.03306666666666667,1.042825361512792
invol_churn -> invol_churn,country_code,UA,61,0.033388067870826495,0.0256,1.30422140120416
invol_churn -> invol_churn,country_code,TR,57,0.031198686371100164,0.024666666666666667,1.264811609639196
invol_churn -> invol_churn,country_code,JP,45,0.024630541871921183,0.016533333333333334,1.4897505164468456
invol_churn -> invol_churn,country_code,UZ,44,0.0240831964969896,0.006,4.0138660828315995
invol_churn -> invol_churn,country_code,PK,41,0.022441160372194856,0.006333333333333333,3.543341111399188
invol_churn -> not_churned,country_code,US,223,0.15917201998572447,0.1834,0.86789541976949
invol_churn -> not_churned,country_code,IN,98,0.06995003568879372,0.0566,1.2358663549256843
invol_churn -> not_churned,country_code,FR,65,0.046395431834404,0.03473333333333333,1.335760993312975
invol_churn -> not_churned,country_code,BR,64,0.04568165596002855,0.03306666666666667,1.381501692339573
invol_churn -> not_churned,country_code,TR,62,0.04425410421127766,0.024666666666666667,1.7940853058626078
invol_churn -> not_churned,country_code,GB,56,0.03997144896502498,0.0458,0.8727390603717246
invol_churn -> not_churned,country_code,IT,50,0.03568879371877231,0.029533333333333335,1.2084241665498523
invol_churn -> not_churned,country_code,UA,46,0.03283369022127052,0.0256,1.2825660242683796
invol_churn -> not_churned,country_code,ES,45,0.032119914346895075,0.028466666666666668,1.128334227642684
invol_churn -> not_churned,country_code,PL,45,0.032119914346895075,0.021933333333333332,1.4644337848128455
invol_churn -> vol_churn,country_code,US,63,0.18694362017804153,0.1834,1.0193218112216005
invol_churn -> vol_churn,country_code,DE,39,0.11572700296735905,0.057866666666666663,1.999890604274638
invol_churn -> vol_churn,country_code,JP,38,0.11275964391691394,0.016533333333333334,6.820139753039149
invol_churn -> vol_churn,country_code,IT,24,0.0712166172106825,0.029533333333333335,2.4113978739508743
invol_churn -> vol_churn,country_code,GB,24,0.0712166172106825,0.0458,1.5549479740323688
invol_churn -> vol_churn,country_code,CA,17,0.050445103857566766,0.027133333333333332,1.8591561618267851
invol_churn -> vol_churn,country_code,KR,14,0.04154302670623145,0.031,1.3400976356848855
invol_churn -> vol_churn,country_code,AU,13,0.03857566765578635,0.015866666666666668,2.431239558137795
invol_churn -> vol_churn,country_code,ES,13,0.03857566765578635,0.028466666666666668,1.3551171307653285
invol_churn -> vol_churn,country_code,TR,12,0.03560830860534125,0.024666666666666667,1.4435800785949156
not_churned -> invol_churn,country_code,IN,185,0.12358049432197729,0.0566,2.183400959752249
not_churned -> invol_churn,country_code,US,156,0.10420841683366733,0.1834,0.5682029271192329
not_churned -> invol_churn,country_code,KZ,110,0.07348029392117568,0.023733333333333332,3.0960798000495373
not_churned -> invol_churn,country_code,BR,81,0.05410821643286573,0.03306666666666667,1.6363371905100523
not_churned -> invol_churn,country_code,UA,74,0.049432197728790914,0.0256,1.930945223780895
not_churned -> invol_churn,country_code,TR,58,0.038744154976619906,0.024666666666666667,1.570708985538645
not_churned -> invol_churn,country_code,VN,45,0.03006012024048096,0.008466666666666667,3.550407902419011
not_churned -> invol_churn,country_code,UZ,36,0.02404809619238477,0.006,4.008016032064128
not_churned -> invol_churn,country_code,MX,33,0.022044088176352707,0.016666666666666666,1.3226452905811623
not_churned -> invol_churn,country_code,KG,32,0.02137608550434202,0.006666666666666667,3.2064128256513027
not_churned -> not_churned,country_code,US,1181,0.2230827351718927,0.1834,1.2163726018096657
not_churned -> not_churned,country_code,GB,302,0.057045712126936154,0.0458,1.245539566090309
not_churned -> not_churned,country_code,DE,278,0.05251227805062335,0.057866666666666663,0.9074702428103114
not_churned -> not_churned,country_code,FR,206,0.03891197582168492,0.03473333333333333,1.1203064056147292
not_churned -> not_churned,country_code,KR,196,0.03702304495655459,0.031,1.1942917727920837
not_churned -> not_churned,country_code,BR,179,0.03381186248583302,0.03306666666666667,1.022536163886079
not_churned -> not_churned,country_code,IT,170,0.032111824707215714,0.029533333333333335,1.087307834330103
not_churned -> not_churned,country_code,AE,159,0.030034000755572346,0.018133333333333335,1.6562868063734748
not_churned -> not_churned,country_code,ES,157,0.02965621458254628,0.028466666666666668,1.0417873975133354
not_churned -> not_churned,country_code,CA,155,0.02927842840952021,0.027133333333333332,1.0790575580904256
not_churned -> vol_churn,country_code,US,175,0.20933014354066987,0.1834,1.1413857335914388
not_churned -> vol_churn,country_code,DE,155,0.1854066985645933,0.057866666666666663,3.2040328092959673
not_churned -> vol_churn,country_code,CA,63,0.07535885167464115,0.027133333333333332,2.7773532558221556
not_churned -> vol_churn,country_code,GB,61,0.0729665071770335,0.0458,1.5931551785378493
not_churned -> vol_churn,country_code,KR,55,0.06578947368421052,0.031,2.122241086587436
not_churned -> vol_churn,country_code,ES,36,0.0430622009569378,0.028466666666666668,1.5127236870118665
not_churned -> vol_churn,country_code,FR,30,0.03588516746411483,0.03473333333333333,1.0331622110589684
not_churned -> vol_churn,country_code,IT,28,0.03349282296650718,0.029533333333333335,1.1340684977372633
not_churned -> vol_churn,country_code,AU,28,0.03349282296650718,0.015866666666666668,2.110892203771461
not_churned -> vol_churn,country_code,JP,23,0.02751196172248804,0.016533333333333334,1.6640299428924217
vol_churn -> invol_churn,country_code,IN,101,0.14469914040114612,0.0566,2.5565219152145957
vol_churn -> invol_churn,country_code,US,81,0.11604584527220631,0.1834,0.6327472479400562
vol_churn -> invol_churn,country_code,UA,44,0.06303724928366762,0.0256,2.4623925501432664
vol_churn -> invol_churn,country_code,BR,43,0.06160458452722063,0.03306666666666667,1.863041870782882
vol_churn -> invol_churn,country_code,KZ,40,0.05730659025787966,0.023733333333333332,2.4146035221016713
vol_churn -> invol_churn,country_code,TR,30,0.04297994269340974,0.024666666666666667,1.7424301091922867
vol_churn -> invol_churn,country_code,PL,20,0.02865329512893983,0.021933333333333332,1.3063812368817551
vol_churn -> invol_churn,country_code,FR,19,0.027220630372492838,0.03473333333333333,0.7837033696495059
vol_churn -> invol_churn,country_code,JP,17,0.024355300859598854,0.016533333333333334,1.4731028745725112
vol_churn -> invol_churn,country_code,RO,16,0.022922636103151862,0.008266666666666667,2.77289952860708
vol_churn -> not_churned,country_code,US,513,0.21709691070672874,0.1834,1.183734518575402
vol_churn -> not_churned,country_code,GB,165,0.06982649174777825,0.0458,1.5245958896894813
vol_churn -> not_churned,country_code,DE,160,0.06771053745239103,0.057866666666666663,1.170112974407679
vol_churn -> not_churned,country_code,KR,109,0.04612780363944139,0.031,1.487993665788432
vol_churn -> not_churned,country_code,FR,106,0.044858231062209056,0.03473333333333333,1.291503773384138
vol_churn -> not_churned,country_code,CA,96,0.04062632247143462,0.027133333333333332,1.497284611969335
vol_churn -> not_churned,country_code,ES,93,0.039356749894202285,0.028466666666666668,1.3825556168923518
vol_churn -> not_churned,country_code,IT,91,0.038510368176047395,0.029533333333333335,1.303962805058038
vol_churn -> not_churned,country_code,BR,66,0.0279305966991113,0.03306666666666667,0.8446753034005433
vol_churn -> not_churned,country_code,AU,62,0.026237833262801522,0.015866666666666668,1.653644953537911
vol_churn -> vol_churn,country_code,DE,157,0.2101740294511379,0.057866666666666663,3.632039679455148
vol_churn -> vol_churn,country_code,US,106,0.14190093708165996,0.1834,0.7737237572609594
vol_churn -> vol_churn,country_code,JP,89,0.11914323962516733,0.016533333333333334,7.206244332167379
vol_churn -> vol_churn,country_code,GB,41,0.05488621151271754,0.0458,1.1983888976575883
vol_churn -> vol_churn,country_code,KR,41,0.05488621151271754,0.031,1.7705229520231465
vol_churn -> vol_churn,country_code,IT,40,0.0535475234270415,0.029533333333333335,1.8131215607350393
vol_churn -> vol_churn,country_code,CA,38,0.050870147255689425,0.027133333333333332,1.8748211519295859
vol_churn -> vol_churn,country_code,FR,30,0.040160642570281124,0.03473333333333333,1.1562565039428347
vol_churn -> vol_churn,country_code,ES,26,0.03480589022757698,0.028466666666666668,1.2226893522568025
vol_churn -> vol_churn,country_code,AU,20,0.02677376171352075,0.015866666666666668,1.6874219567345008
invol_churn -> invol_churn,subscription_plan,Higgsfield Ultimate,1015,0.5555555555555556,0.5321333333333333,1.044015701996158
invol_churn -> invol_churn,subscription_plan,Higgsfield Basic,459,0.2512315270935961,0.28086666666666665,0.8944868042734254
invol_churn -> invol_churn,subscription_plan,Higgsfield Creator,224,0.12260536398467432,0.1178,1.0407925635371336
invol_churn -> invol_churn,subscription_plan,Higgsfield Pro,129,0.07060755336617405,0.0692,1.020340366563209
invol_churn -> not_churned,subscription_plan,Higgsfield Ultimate,678,0.48394004282655245,0.5321333333333333,0.9094338063641051
invol_churn -> not_churned,subscription_plan,Higgsfield Basic,502,0.35831548893647397,0.28086666666666665,1.2757494265480915
invol_churn -> not_churned,subscription_plan,Higgsfield Creator,136,0.09707351891506068,0.1178,0.8240536410446577
invol_churn -> not_churned,subscription_plan,Higgsfield Pro,85,0.06067094932191292,0.0692,0.876747822570996
invol_churn -> vol_churn,subscription_plan,Higgsfield Ultimate,202,0.599406528189911,0.5321333333333333,1.1264216891566856
invol_churn -> vol_churn,subscription_plan,Higgsfield Creator,72,0.21364985163204747,0.1178,1.8136659731073639
invol_churn -> vol_churn,subscription_plan,Higgsfield Pro,34,0.10089020771513353,0.0692,1.457950978542392
invol_churn -> vol_churn,subscription_plan,Higgsfield Basic,29,0.08605341246290801,0.28086666666666665,0.3063852805467886
not_churned -> invol_churn,subscription_plan,Higgsfield Ultimate,864,0.5771543086172345,0.5321333333333333,1.0846046892080328
not_churned -> invol_churn,subscription_plan,Higgsfield Basic,373,0.24916499665998665,0.28086666666666665,0.8871291122477569
not_churned -> invol_churn,subscription_plan,Higgsfield Creator,188,0.12558450233800936,0.1178,1.0660823628014378
not_churned -> invol_churn,subscription_plan,Higgsfield Pro,72,0.04809619238476954,0.0692,0.6950316818608315
not_churned -> not_churned,subscription_plan,Higgsfield Ultimate,2570,0.4854552323384964,0.5321333333333333,0.91228119331965
not_churned -> not_churned,subscription_plan,Higgsfield Basic,1698,0.3207404608991311,0.28086666666666665,1.1419669863486748
not_churned -> not_churned,subscription_plan,Higgsfield Creator,673,0.12712504722327161,0.1178,1.0791599934063805
not_churned -> not_churned,subscription_plan,Higgsfield Pro,353,0.06667925953910087,0.0692,0.9635731147268911
not_churned -> vol_churn,subscription_plan,Higgsfield Ultimate,619,0.7404306220095693,0.5321333333333333,1.3914381521101904
not_churned -> vol_churn,subscription_plan,Higgsfield Pro,93,0.11124401913875598,0.0692,1.6075725309068785
not_churned -> vol_churn,subscription_plan,Higgsfield Creator,70,0.08373205741626795,0.1178,0.7107984500532084
not_churned -> vol_churn,subscription_plan,Higgsfield Basic,54,0.0645933014354067,0.28086666666666665,0.22997852398079768
vol_churn -> invol_churn,subscription_plan,Higgsfield Ultimate,394,0.5644699140401146,0.5321333333333333,1.0607678164121421
vol_churn -> invol_churn,subscription_plan,Higgsfield Basic,181,0.2593123209169054,0.28086666666666665,0.9232577293504822
vol_churn -> invol_churn,subscription_plan,Higgsfield Creator,76,0.10888252148997135,0.1178,0.9242998428690268
vol_churn -> invol_churn,subscription_plan,Higgsfield Pro,47,0.0673352435530086,0.0692,0.9730526525001243
vol_churn -> not_churned,subscription_plan,Higgsfield Ultimate,1136,0.4807448159119763,0.5321333333333333,0.9034292456376403
vol_churn -> not_churned,subscription_plan,Higgsfield Basic,861,0.3643673296656792,0.28086666666666665,1.2972964502694488
vol_churn -> not_churned,subscription_plan,Higgsfield Creator,199,0.08421498095641135,0.1178,0.7148979707674987
vol_churn -> not_churned,subscription_plan,Higgsfield Pro,167,0.07067287346593314,0.0692,1.0212842986406523
vol_churn -> vol_churn,subscription_plan,Higgsfield Ultimate,504,0.6746987951807228,0.5321333333333333,1.2679130453158158
vol_churn -> vol_churn,subscription_plan,Higgsfield Creator,129,0.17269076305220885,0.1178,1.4659657304941327
vol_churn -> vol_churn,subscription_plan,Higgsfield Pro,58,0.07764390896921017,0.0692,1.1220218059134417
vol_churn -> vol_churn,subscription_plan,Higgsfield Basic,56,0.0749665327978581,0.28086666666666665,0.26691146260808724
invol_churn -> invol_churn,quiz_role,unknown,1746,0.9556650246305419,0.9497333333333333,1.00624563873776
invol_churn -> invol_churn,quiz_role,creator,28,0.01532567049808429,0.015266666666666666,1.0038648797871805
invol_churn -> invol_churn,quiz_role,designer,11,0.0060207991242474,0.006333333333333333,0.9506524933022211
invol_churn -> invol_churn,quiz_role,just-for-fun,9,0.0049261083743842365,0.006333333333333333,0.77780658542909
invol_churn -> invol_churn,quiz_role,filmmaker,9,0.0049261083743842365,0.0078,0.6315523556902868
invol_churn -> invol_churn,quiz_role,founder,6,0.003284072249589491,0.0024,1.3683634373289546
invol_churn -> invol_churn,quiz_role,educator,4,0.0021893814997263274,0.0020666666666666667,1.059378145028868
invol_churn -> invol_churn,quiz_role,prompt-engineer,4,0.0021893814997263274,0.0010666666666666667,2.052545155993432
invol_churn -> invol_churn,quiz_role,developer,4,0.0021893814997263274,0.0009333333333333333,2.3457658925639224
invol_churn -> invol_churn,quiz_role,brand-owner,2,0.0010946907498631637,0.0032,0.34209085933223865
invol_churn -> not_churned,quiz_role,unknown,1316,0.939329050678087,0.9497333333333333,0.9890450484466732
invol_churn -> not_churned,quiz_role,creator,22,0.015703069236259814,0.015266666666666666,1.0285853211523897
invol_churn -> not_churned,quiz_role,filmmaker,20,0.014275517487508922,0.0078,1.830194549680631
invol_churn -> not_churned,quiz_role,designer,13,0.009279086366880799,0.006333333333333333,1.4651189000338103
invol_churn -> not_churned,quiz_role,brand-owner,8,0.005710206995003569,0.0032,1.7844396859386151
invol_churn -> not_churned,quiz_role,founder,7,0.004996431120628123,0.0024,2.0818463002617182
invol_churn -> not_churned,quiz_role,just-for-fun,4,0.0028551034975017845,0.006333333333333333,0.4508058153950186
invol_churn -> not_churned,quiz_role,marketer,4,0.0028551034975017845,0.0034,0.8397363227946425
invol_churn -> not_churned,quiz_role,educator,3,0.0021413276231263384,0.0020666666666666667,1.0361262692546798
invol_churn -> not_churned,quiz_role,dhjsjdks,1,0.0007137758743754461,6.666666666666667e-05,10.70663811563169
invol_churn -> vol_churn,quiz_role,unknown,335,0.9940652818991098,0.9497333333333333,1.046678311700593
invol_churn -> vol_churn,quiz_role,creator,1,0.002967359050445104,0.015266666666666666,0.1943684967540461
invol_churn -> vol_churn,quiz_role,just-for-fun,1,0.002967359050445104,0.006333333333333333,0.46853037638606904
not_churned -> invol_churn,quiz_role,unknown,1409,0.9412157648630595,0.9497333333333333,0.9910316210126275
not_churned -> invol_churn,quiz_role,creator,26,0.01736806947227789,0.015266666666666666,1.137646471983268
not_churned -> invol_churn,quiz_role,filmmaker,15,0.01002004008016032,0.0078,1.284620523097477
not_churned -> invol_churn,quiz_role,just-for-fun,9,0.006012024048096192,0.006333333333333333,0.9492669549625568
not_churned -> invol_churn,quiz_role,designer,9,0.006012024048096192,0.006333333333333333,0.9492669549625568
not_churned -> invol_churn,quiz_role,marketer,9,0.006012024048096192,0.0034,1.7682423670871155
not_churned -> invol_churn,quiz_role,brand-owner,7,0.004676018704074816,0.0032,1.4612558450233801
not_churned -> invol_churn,quiz_role,educator,4,0.0026720106880427524,0.0020666666666666667,1.2929083974400415
not_churned -> invol_churn,quiz_role,prompt-engineer,3,0.002004008016032064,0.0010666666666666667,1.87875751503006
not_churned -> invol_churn,quiz_role,founder,2,0.0013360053440213762,0.0024,0.5566688933422401
not_churned -> not_churned,quiz_role,unknown,4965,0.937854174537212,0.9497333333333333,0.98749211133358
not_churned -> not_churned,quiz_role,creator,109,0.020589346429920666,0.015266666666666666,1.3486471460646725
not_churned -> not_churned,quiz_role,filmmaker,53,0.010011333585190782,0.0078,1.2835043057936901
not_churned -> not_churned,quiz_role,just-for-fun,44,0.00831129580657348,0.006333333333333333,1.3123098641958126
not_churned -> not_churned,quiz_role,designer,37,0.006989044200982244,0.006333333333333333,1.1035332948919332
not_churned -> not_churned,quiz_role,marketer,27,0.005100113335851908,0.0034,1.5000333340740906
not_churned -> not_churned,quiz_role,brand-owner,22,0.00415564790328674,0.0032,1.298639969777106
not_churned -> not_churned,quiz_role,founder,15,0.0028333962976955043,0.0024,1.1805817907064602
not_churned -> not_churned,quiz_role,educator,8,0.001511144692104269,0.0020666666666666667,0.7311990445665817
not_churned -> not_churned,quiz_role,prompt-engineer,4,0.0007555723460521345,0.0010666666666666667,0.7083490744238761
not_churned -> vol_churn,quiz_role,unknown,827,0.9892344497607656,0.9497333333333333,1.041591797445703
not_churned -> vol_churn,quiz_role,just-for-fun,5,0.005980861244019139,0.006333333333333333,0.9443465122135483
not_churned -> vol_churn,quiz_role,filmmaker,1,0.0011961722488038277,0.0078,0.15335541651331125
not_churned -> vol_churn,quiz_role,marketer,1,0.0011961722488038277,0.0034,0.3518153672952435
not_churned -> vol_churn,quiz_role,developer,1,0.0011961722488038277,0.0009333333333333333,1.2816131237183868
not_churned -> vol_churn,quiz_role,educator,1,0.0011961722488038277,0.0020666666666666667,0.5787930236147554
vol_churn -> invol_churn,quiz_role,unknown,666,0.9541547277936963,0.9497333333333333,1.0046554062126523
vol_churn -> invol_churn,quiz_role,creator,9,0.012893982808022923,0.015266666666666666,0.8445840267263923
vol_churn -> invol_churn,quiz_role,filmmaker,6,0.008595988538681949,0.0078,1.102049812651532
vol_churn -> invol_churn,quiz_role,just-for-fun,3,0.004297994269340974,0.006333333333333333,0.6786306741064696
vol_churn -> invol_churn,quiz_role,marketer,3,0.004297994269340974,0.0034,1.2641159615708748
vol_churn -> invol_churn,quiz_role,designer,2,0.0028653295128939827,0.006333333333333333,0.4524204494043131
vol_churn -> invol_churn,quiz_role,educator,2,0.0028653295128939827,0.0020666666666666667,1.38644976430354
vol_churn -> invol_churn,quiz_role,brand-owner,2,0.0028653295128939827,0.0032,0.8954154727793695
vol_churn -> invol_churn,quiz_role,developer,2,0.0028653295128939827,0.0009333333333333333,3.0699959066721245
vol_churn -> invol_churn,quiz_role,founder,1,0.0014326647564469914,0.0024,0.5969436485195798
vol_churn -> not_churned,quiz_role,unknown,2239,0.9475243334743969,0.9497333333333333,0.9976740841019202
vol_churn -> not_churned,quiz_role,creator,34,0.014388489208633094,0.015266666666666666,0.9424774590807704
vol_churn -> not_churned,quiz_role,designer,22,0.009310198899703767,0.006333333333333333,1.4700314052163843
vol_churn -> not_churned,quiz_role,just-for-fun,19,0.008040626322471435,0.006333333333333333,1.2695725772323319
vol_churn -> not_churned,quiz_role,filmmaker,13,0.005501481168006771,0.0078,0.7053180984624066
vol_churn -> not_churned,quiz_role,educator,8,0.0033855268726195515,0.0020666666666666667,1.6381581641707508
vol_churn -> not_churned,quiz_role,brand-owner,7,0.0029623360135421074,0.0032,0.9257300042319085
vol_churn -> not_churned,quiz_role,founder,5,0.0021159542953872196,0.0024,0.8816476230780083
vol_churn -> not_churned,quiz_role,marketer,5,0.0021159542953872196,0.0034,0.6223394986433
vol_churn -> not_churned,quiz_role,prompt-engineer,2,0.0008463817181548879,0.0010666666666666667,0.7934828607702074
vol_churn -> vol_churn,quiz_role,unknown,743,0.9946452476572959,0.9497333333333333,1.0472889733861743
vol_churn -> vol_churn,quiz_role,just-for-fun,1,0.0013386880856760374,0.006333333333333333,0.2113718030014796
vol_churn -> vol_churn,quiz_role,educator,1,0.0013386880856760374,0.0020666666666666667,0.6477522995206633
vol_churn -> vol_churn,quiz_role,prompt-engineer,1,0.0013386880856760374,0.0010666666666666667,1.255020080321285
vol_churn -> vol_churn,quiz_role,designer,1,0.0013386880856760374,0.006333333333333333,0.2113718030014796
invol_churn -> invol_churn,quiz_frustration,unknown,455,0.24904214559386972,0.22613333333333333,1.1013066579917588
invol_churn -> invol_churn,quiz_frustration,other,357,0.19540229885057472,0.14766666666666667,1.323266132170935
invol_churn -> invol_churn,quiz_frustration,high-cost,219,0.11986863711001643,0.1256,0.9543681298568187
invol_churn -> invol_churn,quiz_frustration,limited,214,0.11713191023535852,0.1166,1.004561837352989
invol_churn -> invol_churn,quiz_frustration,inconsistent,203,0.1111111111111111,0.19433333333333333,0.5717552887364208
invol_churn -> invol_churn,quiz_frustration,hard-prompt,169,0.09250136836343732,0.09333333333333334,0.991086089608257
invol_churn -> invol_churn,quiz_frustration,confusing,94,0.051450465243568694,0.04713333333333333,1.0915940292129143
invol_churn -> invol_churn,quiz_frustration,High cost of top models,36,0.019704433497536946,0.011533333333333333,1.7084768928500242
invol_churn -> invol_churn,quiz_frustration,Other,31,0.016967706622879036,0.013533333333333333,1.2537714253358894
invol_churn -> invol_churn,quiz_frustration,Limited generations,19,0.010399562123700055,0.007866666666666666,1.3219782360635663
invol_churn -> not_churned,quiz_frustration,unknown,364,0.2598144182726624,0.22613333333333333,1.148943477031231
invol_churn -> not_churned,quiz_frustration,inconsistent,238,0.16987865810135616,0.19433333333333333,0.8741611909160695
invol_churn -> not_churned,quiz_frustration,other,221,0.15774446823697358,0.14766666666666667,1.0682469632300693
invol_churn -> not_churned,quiz_frustration,high-cost,161,0.11491791577444682,0.1256,0.9149515587137487
invol_churn -> not_churned,quiz_frustration,limited,160,0.11420413990007137,0.1166,0.9794523147518986
invol_churn -> not_churned,quiz_frustration,hard-prompt,124,0.08850820842255532,0.09333333333333334,0.9483022330988069
invol_churn -> not_churned,quiz_frustration,confusing,62,0.04425410421127766,0.04713333333333333,0.9389131020780267
invol_churn -> not_churned,quiz_frustration,Other,26,0.018558172733761598,0.013533333333333333,1.3712935517557832
invol_churn -> not_churned,quiz_frustration,High cost of top models,15,0.010706638115631691,0.011533333333333333,0.9283212238987015
invol_churn -> not_churned,quiz_frustration,Inconsistent results,11,0.007851534618129907,0.0088,0.8922198429693076
invol_churn -> vol_churn,quiz_frustration,inconsistent,65,0.19287833827893175,0.19433333333333333,0.992512889943045
invol_churn -> vol_churn,quiz_frustration,high-cost,64,0.18991097922848665,0.1256,1.5120300893987793
invol_churn -> vol_churn,quiz_frustration,unknown,48,0.142433234421365,0.22613333333333333,0.6298639493869325
invol_churn -> vol_churn,quiz_frustration,other,42,0.12462908011869436,0.14766666666666667,0.843989255882806
invol_churn -> vol_churn,quiz_frustration,limited,39,0.11572700296735905,0.1166,0.9925128899430451
invol_churn -> vol_churn,quiz_frustration,hard-prompt,37,0.10979228486646884,0.09333333333333334,1.1763459092835946
invol_churn -> vol_churn,quiz_frustration,confusing,29,0.08605341246290801,0.04713333333333333,1.825744253102716
invol_churn -> vol_churn,quiz_frustration,Limited generations,5,0.01483679525222552,0.007866666666666666,1.8860332947744307
invol_churn -> vol_churn,quiz_frustration,High cost of top models,4,0.011869436201780416,0.011533333333333333,1.0291418672063946
invol_churn -> vol_churn,quiz_frustration,AI is confusing to me,1,0.002967359050445104,0.0024,1.2363996043521268
not_churned -> invol_churn,quiz_frustration,unknown,383,0.2558450233800935,0.22613333333333333,1.1313901387681022
not_churned -> invol_churn,quiz_frustration,other,300,0.20040080160320642,0.14766666666666667,1.3571160379449645
not_churned -> invol_churn,quiz_frustration,inconsistent,189,0.12625250501002003,0.19433333333333333,0.6496698371013038
not_churned -> invol_churn,quiz_frustration,limited,180,0.12024048096192384,0.1166,1.0312219636528632
not_churned -> invol_churn,quiz_frustration,high-cost,155,0.10354041416165664,0.1256,0.82436635479026
not_churned -> invol_churn,quiz_frustration,hard-prompt,129,0.08617234468937876,0.09333333333333334,0.9232751216719153
not_churned -> invol_churn,quiz_frustration,confusing,70,0.04676018704074816,0.04713333333333333,0.9920831762534971
not_churned -> invol_churn,quiz_frustration,Other,33,0.022044088176352707,0.013533333333333333,1.628873510567934
not_churned -> invol_churn,quiz_frustration,High cost of top models,18,0.012024048096192385,0.011533333333333333,1.0425475227912473
not_churned -> invol_churn,quiz_frustration,Limited generations,15,0.01002004008016032,0.007866666666666666,1.2737339084949562
not_churned -> not_churned,quiz_frustration,unknown,1300,0.2455610124669437,0.22613333333333333,1.085912496168678
not_churned -> not_churned,quiz_frustration,inconsistent,1186,0.22402720060445788,0.19433333333333333,1.152798630897725
not_churned -> not_churned,quiz_frustration,other,684,0.129202871174915,0.14766666666666667,0.8749630102138714
not_churned -> not_churned,quiz_frustration,high-cost,583,0.1101246694370986,0.1256,0.8767887694036514
not_churned -> not_churned,quiz_frustration,limited,569,0.10748016622591614,0.1166,0.9217853021090578
not_churned -> not_churned,quiz_frustration,hard-prompt,515,0.09727993955421231,0.09333333333333334,1.0422850666522747
not_churned -> not_churned,quiz_frustration,confusing,232,0.0438231960710238,0.04713333333333333,0.9297707794418062
not_churned -> not_churned,quiz_frustration,Other,63,0.011900264450321118,0.013533333333333333,0.8793298854917082
not_churned -> not_churned,quiz_frustration,Inconsistent results,46,0.008689081979599547,0.0088,0.9873956794999484
not_churned -> not_churned,quiz_frustration,High cost of top models,45,0.008500188893086513,0.011533333333333333,0.7370105976664607
not_churned -> vol_churn,quiz_frustration,inconsistent,211,0.25239234449760767,0.19433333333333333,1.2987599202278268
not_churned -> vol_churn,quiz_frustration,high-cost,138,0.16507177033492823,0.1256,1.314265687380002
not_churned -> vol_churn,quiz_frustration,limited,119,0.1423444976076555,0.1166,1.2207932899455876
not_churned -> vol_churn,quiz_frustration,unknown,94,0.11244019138755981,0.22613333333333333,0.4972296199331949
not_churned -> vol_churn,quiz_frustration,hard-prompt,93,0.11124401913875598,0.09333333333333334,1.1919002050580998
not_churned -> vol_churn,quiz_frustration,other,80,0.09569377990430622,0.14766666666666667,0.6480391415641504
not_churned -> vol_churn,quiz_frustration,confusing,44,0.05263157894736842,0.04713333333333333,1.1166530186853272
not_churned -> vol_churn,quiz_frustration,High cost of top models,22,0.02631578947368421,0.011533333333333333,2.2817158503194404
not_churned -> vol_churn,quiz_frustration,Limited generations,10,0.011961722488038277,0.007866666666666666,1.5205579433946965
not_churned -> vol_churn,quiz_frustration,Other,10,0.011961722488038277,0.013533333333333333,0.883871119805784
vol_churn -> invol_churn,quiz_frustration,unknown,147,0.21060171919770773,0.22613333333333333,0.9313165648483538
vol_churn -> invol_churn,quiz_frustration,other,138,0.1977077363896848,0.14766666666666667,1.3388785760023802
vol_churn -> invol_churn,quiz_frustration,high-cost,105,0.1504297994269341,0.1256,1.1976894858832334
vol_churn -> invol_churn,quiz_frustration,limited,89,0.12750716332378223,0.1166,1.0935434247322662
vol_churn -> invol_churn,quiz_frustration,inconsistent,78,0.11174785100286533,0.19433333333333333,0.5750318233423601
vol_churn -> invol_churn,quiz_frustration,hard-prompt,63,0.09025787965616046,0.09333333333333334,0.9670487106017192
vol_churn -> invol_churn,quiz_frustration,confusing,40,0.05730659025787966,0.04713333333333333,1.2158399630384653
vol_churn -> invol_churn,quiz_frustration,Other,15,0.02148997134670487,0.013533333333333333,1.5879289172442022
vol_churn -> invol_churn,quiz_frustration,Limited generations,8,0.011461318051575931,0.007866666666666666,1.456947209946093
vol_churn -> invol_churn,quiz_frustration,High cost of top models,7,0.01002865329512894,0.011533333333333333,0.8695364128724515
vol_churn -> not_churned,quiz_frustration,inconsistent,561,0.23741007194244604,0.19433333333333333,1.221664178091489
vol_churn -> not_churned,quiz_frustration,unknown,512,0.2166737198476513,0.22613333333333333,0.9581679828168542
vol_churn -> not_churned,quiz_frustration,other,308,0.13034278459585272,0.14766666666666667,0.8826825141931335
vol_churn -> not_churned,quiz_frustration,high-cost,305,0.1290732120186204,0.1256,1.0276529619316912
vol_churn -> not_churned,quiz_frustration,limited,284,0.12018620397799408,0.1166,1.0307564663635855
vol_churn -> not_churned,quiz_frustration,hard-prompt,203,0.08590774439272111,0.09333333333333334,0.9204401184934404
vol_churn -> not_churned,quiz_frustration,confusing,94,0.03977994075327973,0.04713333333333333,0.8439874275801923
vol_churn -> not_churned,quiz_frustration,Inconsistent results,31,0.013118916631400761,0.0088,1.4907859808409956
vol_churn -> not_churned,quiz_frustration,Limited generations,19,0.008040626322471435,0.007866666666666666,1.022113515568403
vol_churn -> not_churned,quiz_frustration,High cost of top models,18,0.00761743546339399,0.011533333333333333,0.6604712829532362
vol_churn -> vol_churn,quiz_frustration,inconsistent,184,0.2463186077643909,0.19433333333333333,1.2675057003313426
vol_churn -> vol_churn,quiz_frustration,high-cost,154,0.20615796519410978,0.1256,1.6413850732015112
vol_churn -> vol_churn,quiz_frustration,limited,95,0.12717536813922356,0.1166,1.0906978399590357
vol_churn -> vol_churn,quiz_frustration,unknown,89,0.11914323962516733,0.22613333333333333,0.5268716374933697
vol_churn -> vol_churn,quiz_frustration,other,85,0.11378848728246319,0.14766666666666667,0.7705766633123917
vol_churn -> vol_churn,quiz_frustration,hard-prompt,67,0.08969210174029452,0.09333333333333334,0.9609868043602984
vol_churn -> vol_churn,quiz_frustration,confusing,42,0.05622489959839357,0.04713333333333333,1.192890373374687
vol_churn -> vol_churn,quiz_frustration,Other,9,0.012048192771084338,0.013533333333333333,0.8902605495875127
vol_churn -> vol_churn,quiz_frustration,Inconsistent results,9,0.012048192771084338,0.0088,1.3691128148959475
vol_churn -> vol_churn,quiz_frustration,High cost of top models,8,0.0107095046854083,0.011533333333333333,0.9285697704111243
invol_churn -> invol_churn,attempt_last_card_country,in,265,0.14504652435686918,0.056266666666666666,2.5778410726931726
invol_churn -> invol_churn,attempt_last_card_country,us,154,0.0842911877394636,0.1688,0.4993553776034574
invol_churn -> invol_churn,attempt_last_card_country,kz,151,0.08264915161466886,0.026733333333333335,3.0916141501746455
invol_churn -> invol_churn,attempt_last_card_country,gb,94,0.051450465243568694,0.059533333333333334,0.8642295393656555
invol_churn -> invol_churn,attempt_last_card_country,hk,78,0.042692939244663386,0.014133333333333333,3.0207268333488244
invol_churn -> invol_churn,attempt_last_card_country,sg,65,0.03557744937055282,0.010133333333333333,3.510932503672976
invol_churn -> invol_churn,attempt_last_card_country,vn,65,0.03557744937055282,0.008,4.4471811713191025
invol_churn -> invol_churn,attempt_last_card_country,ua,62,0.03393541324575807,0.027933333333333334,1.2148715959101934
invol_churn -> invol_churn,attempt_last_card_country,br,60,0.03284072249589491,0.03233333333333333,1.0156924483266467
invol_churn -> invol_churn,attempt_last_card_country,jp,49,0.02681992337164751,0.0168,1.5964240102171139
invol_churn -> not_churned,attempt_last_card_country,us,230,0.16416845110635261,0.1688,0.97256191413716
invol_churn -> not_churned,attempt_last_card_country,in,96,0.06852248394004283,0.056266666666666666,1.217816657702183
invol_churn -> not_churned,attempt_last_card_country,fr,69,0.04925053533190578,0.036866666666666666,1.3359096382976252
invol_churn -> not_churned,attempt_last_card_country,gb,67,0.04782298358315489,0.059533333333333334,0.8032975965815491
invol_churn -> not_churned,attempt_last_card_country,br,63,0.044967880085653104,0.03233333333333333,1.3907591779067972
invol_churn -> not_churned,attempt_last_card_country,ua,58,0.04139900071377588,0.027933333333333334,1.4820644646936472
invol_churn -> not_churned,attempt_last_card_country,tr,55,0.039257673090649536,0.023333333333333334,1.6824717038849801
invol_churn -> not_churned,attempt_last_card_country,it,53,0.03783012134189864,0.031466666666666664,1.2022284324755925
invol_churn -> not_churned,attempt_last_card_country,ae,42,0.029978586723768737,0.017333333333333333,1.7295338494481964
invol_churn -> not_churned,attempt_last_card_country,kr,42,0.029978586723768737,0.031133333333333332,0.9629096378084178
invol_churn -> vol_churn,attempt_last_card_country,us,50,0.14836795252225518,0.1688,0.8789570647053032
invol_churn -> vol_churn,attempt_last_card_country,de,40,0.11869436201780416,0.05606666666666667,2.117021914705187
invol_churn -> vol_churn,attempt_last_card_country,gb,39,0.11572700296735905,0.059533333333333334,1.943902625431563
invol_churn -> vol_churn,attempt_last_card_country,jp,36,0.10682492581602374,0.0168,6.35862653666808
invol_churn -> vol_churn,attempt_last_card_country,it,26,0.0771513353115727,0.031466666666666664,2.4518432832067596
invol_churn -> vol_churn,attempt_last_card_country,ca,17,0.050445103857566766,0.02666666666666667,1.8916913946587537
invol_churn -> vol_churn,attempt_last_card_country,kr,15,0.04451038575667656,0.031133333333333332,1.4296697780517098
invol_churn -> vol_churn,attempt_last_card_country,au,14,0.04154302670623145,0.015733333333333332,2.6404466126842028
invol_churn -> vol_churn,attempt_last_card_country,es,11,0.032640949554896145,0.027,1.208924057588746
invol_churn -> vol_churn,attempt_last_card_country,tr,9,0.026706231454005934,0.023333333333333334,1.1445527766002543
not_churned -> invol_churn,attempt_last_card_country,in,186,0.12424849699398798,0.056266666666666666,2.2082078849642413
not_churned -> invol_churn,attempt_last_card_country,kz,116,0.07748830995323981,0.026733333333333335,2.8985652102209403
not_churned -> invol_churn,attempt_last_card_country,us,94,0.06279225116900468,0.1688,0.3719920092950514
not_churned -> invol_churn,attempt_last_card_country,ua,81,0.05410821643286573,0.027933333333333334,1.9370483209856466
not_churned -> invol_churn,attempt_last_card_country,br,80,0.053440213760855046,0.03233333333333333,1.6527901163151046
not_churned -> invol_churn,attempt_last_card_country,hk,58,0.038744154976619906,0.014133333333333333,2.741331720043861
not_churned -> invol_churn,attempt_last_card_country,gb,58,0.038744154976619906,0.059533333333333334,0.6507976759790578
not_churned -> invol_churn,attempt_last_card_country,tr,56,0.03740814963259853,0.023333333333333334,1.6032064128256514
not_churned -> invol_churn,attempt_last_card_country,vn,42,0.028056112224448898,0.008,3.5070140280561124
not_churned -> invol_churn,attempt_last_card_country,sg,42,0.028056112224448898,0.010133333333333333,2.7686952853074573
not_churned -> not_churned,attempt_last_card_country,us,1201,0.22686059690215338,0.1688,1.3439608821217617
not_churned -> not_churned,attempt_last_card_country,gb,323,0.06101246694370986,0.059533333333333334,1.024845469379225
not_churned -> not_churned,attempt_last_card_country,de,278,0.05251227805062335,0.05606666666666667,0.9366042458494057
not_churned -> not_churned,attempt_last_card_country,fr,216,0.04080090668681526,0.036866666666666666,1.1067153712517703
not_churned -> not_churned,attempt_last_card_country,kr,196,0.03702304495655459,0.031133333333333332,1.1891770328657791
not_churned -> not_churned,attempt_last_card_country,br,177,0.033434076312806954,0.03233333333333333,1.034043597303308
not_churned -> not_churned,attempt_last_card_country,it,169,0.031922931620702685,0.031466666666666664,1.0144999455731787
not_churned -> not_churned,attempt_last_card_country,ae,159,0.030034000755572346,0.017333333333333333,1.7327308128214816
not_churned -> not_churned,attempt_last_card_country,ca,151,0.028522856063468077,0.02666666666666667,1.0696071023800529
not_churned -> not_churned,attempt_last_card_country,es,147,0.027767283717415943,0.027,1.0284179154598498
not_churned -> vol_churn,attempt_last_card_country,de,151,0.180622009569378,0.05606666666666667,3.2215578401197025
not_churned -> vol_churn,attempt_last_card_country,us,144,0.1722488038277512,0.1688,1.0204313022971043
not_churned -> vol_churn,attempt_last_card_country,gb,67,0.08014354066985646,0.059533333333333334,1.346196091878888
not_churned -> vol_churn,attempt_last_card_country,ca,64,0.07655502392344497,0.02666666666666667,2.8708133971291865
not_churned -> vol_churn,attempt_last_card_country,kr,56,0.06698564593301436,0.031133333333333332,2.1515732098398614
not_churned -> vol_churn,attempt_last_card_country,es,36,0.0430622009569378,0.027,1.594896331738437
not_churned -> vol_churn,attempt_last_card_country,it,31,0.03708133971291866,0.031466666666666664,1.1784324061308897
not_churned -> vol_churn,attempt_last_card_country,fr,28,0.03349282296650718,0.036866666666666666,0.9084852522560718
not_churned -> vol_churn,attempt_last_card_country,au,28,0.03349282296650718,0.015733333333333332,2.128781120752575
not_churned -> vol_churn,attempt_last_card_country,ee,27,0.03229665071770335,0.005533333333333334,5.836744105609039
vol_churn -> invol_churn,attempt_last_card_country,in,101,0.14469914040114612,0.056266666666666666,2.5716671872241608
vol_churn -> invol_churn,attempt_last_card_country,kz,48,0.06876790830945559,0.026733333333333335,2.57236564748587
vol_churn -> invol_churn,attempt_last_card_country,ua,46,0.0659025787965616,0.027933333333333334,2.3592808638387206
vol_churn -> invol_churn,attempt_last_card_country,us,44,0.06303724928366762,0.1688,0.37344341992694086
vol_churn -> invol_churn,attempt_last_card_country,br,43,0.06160458452722063,0.03233333333333333,1.905296428676927
vol_churn -> invol_churn,attempt_last_card_country,tr,30,0.04297994269340974,0.023333333333333334,1.8419975440032745
vol_churn -> invol_churn,attempt_last_card_country,gb,30,0.04297994269340974,0.059533333333333334,0.7219475256451804
vol_churn -> invol_churn,attempt_last_card_country,fr,24,0.034383954154727794,0.036866666666666666,0.9326569843054555
vol_churn -> invol_churn,attempt_last_card_country,pl,19,0.027220630372492838,0.02,1.3610315186246418
vol_churn -> invol_churn,attempt_last_card_country,ro,18,0.025787965616045846,0.008666666666666666,2.9755344941591364
vol_churn -> not_churned,attempt_last_card_country,us,518,0.21921286500211595,0.1688,1.2986544135196443
vol_churn -> not_churned,attempt_last_card_country,gb,169,0.07151925518408803,0.059533333333333334,1.2013312740888247
vol_churn -> not_churned,attempt_last_card_country,de,160,0.06771053745239103,0.05606666666666667,1.2076790270937758
vol_churn -> not_churned,attempt_last_card_country,fr,112,0.04739737621667372,0.036866666666666666,1.2856431161846398
vol_churn -> not_churned,attempt_last_card_country,kr,109,0.04612780363944139,0.031133333333333332,1.4816211019092524
vol_churn -> not_churned,attempt_last_card_country,ca,94,0.03977994075327973,0.02666666666666667,1.4917477782479898
vol_churn -> not_churned,attempt_last_card_country,it,93,0.039356749894202285,0.031466666666666664,1.2507441703665982
vol_churn -> not_churned,attempt_last_card_country,es,91,0.038510368176047395,0.027,1.4263099324461999
vol_churn -> not_churned,attempt_last_card_country,br,62,0.026237833262801522,0.03233333333333333,0.8114793792619028
vol_churn -> not_churned,attempt_last_card_country,au,61,0.02581464240372408,0.015733333333333332,1.6407611697282256
vol_churn -> vol_churn,attempt_last_card_country,de,158,0.21151271753681392,0.05606666666666667,3.772521715876586
vol_churn -> vol_churn,attempt_last_card_country,us,97,0.12985274431057564,0.1688,0.7692698122664433
vol_churn -> vol_churn,attempt_last_card_country,jp,92,0.12315930388219545,0.0168,7.330910945368777
vol_churn -> vol_churn,attempt_last_card_country,gb,46,0.06157965194109773,0.059533333333333334,1.034372652985964
vol_churn -> vol_churn,attempt_last_card_country,kr,42,0.05622489959839357,0.031133333333333332,1.805938959263177
vol_churn -> vol_churn,attempt_last_card_country,it,40,0.0535475234270415,0.031466666666666664,1.7017221428085223
vol_churn -> vol_churn,attempt_last_card_country,ca,37,0.049531459170013385,0.02666666666666667,1.8574297188755018
vol_churn -> vol_churn,attempt_last_card_country,fr,33,0.04417670682730924,0.036866666666666666,1.198283186997538
vol_churn -> vol_churn,attempt_last_card_country,es,25,0.03346720214190094,0.027,1.2395260052555903
vol_churn -> vol_churn,attempt_last_card_country,au,20,0.02677376171352075,0.015733333333333332,1.7017221428085223
invol_churn -> invol_churn,attempt_last_bank_name,unknown,258,0.1412151067323481,0.17393333333333333,0.8118921429609895
invol_churn -> invol_churn,attempt_last_bank_name,REVOLUT BANK UAB,88,0.0481663929939792,0.031133333333333332,1.547100417365499
invol_churn -> invol_churn,attempt_last_bank_name,KASPI BANK JSC,79,0.04324028461959496,0.011133333333333334,3.883857899963619
invol_churn -> invol_churn,attempt_last_bank_name,SUNRATE PARTNERS UK LIMITED,79,0.04324028461959496,0.011133333333333334,3.883857899963619
invol_churn -> invol_churn,attempt_last_bank_name,"YES BANK, LTD.",52,0.028461959496442254,0.012933333333333333,2.200666971374401
invol_churn -> invol_churn,attempt_last_bank_name,STANDARD CHARTERED BANK,51,0.027914614121510674,0.0072,3.8770297390987047
invol_churn -> invol_churn,attempt_last_bank_name,"JCB INTERNATIONAL CREDIT CARD CO., LTD.",49,0.02681992337164751,0.0116,2.3120623596247856
invol_churn -> invol_churn,attempt_last_bank_name,VTB BANK OJSC,44,0.0240831964969896,0.0304,0.7922104110851842
invol_churn -> invol_churn,attempt_last_bank_name,COMMERCIAL BANK MASTER-BANK,38,0.02079912424740011,0.005333333333333333,3.8998357963875208
invol_churn -> invol_churn,attempt_last_bank_name,BANK OF AMERICA,34,0.018609742747673783,0.008066666666666666,2.306992902604188
invol_churn -> not_churned,attempt_last_bank_name,unknown,254,0.1812990720913633,0.17393333333333333,1.042348057251993
invol_churn -> not_churned,attempt_last_bank_name,VTB BANK OJSC,46,0.03283369022127052,0.0304,1.0800555993838987
invol_churn -> not_churned,attempt_last_bank_name,REVOLUT BANK UAB,40,0.028551034975017844,0.031133333333333332,0.9170567979127787
invol_churn -> not_churned,attempt_last_bank_name,JSC UNIVERSAL BANK,28,0.01998572448251249,0.013333333333333334,1.4989293361884368
invol_churn -> not_churned,attempt_last_bank_name,"YES BANK, LTD.",27,0.019271948608137045,0.012933333333333333,1.490099119185854
invol_churn -> not_churned,attempt_last_bank_name,WESTPAC BANKING CORPORATION,22,0.015703069236259814,0.0164,0.9575042217231593
invol_churn -> not_churned,attempt_last_bank_name,"JPMORGAN CHASE BANK, N.A.",18,0.01284796573875803,0.011733333333333333,1.0949970800077866
invol_churn -> not_churned,attempt_last_bank_name,"ICICI BANK, LTD.",13,0.009279086366880799,0.0034666666666666665,2.6766595289079227
invol_churn -> not_churned,attempt_last_bank_name,"BANK OF AMERICA, N.A.",12,0.008565310492505354,0.0061333333333333335,1.3965180150823946
invol_churn -> not_churned,attempt_last_bank_name,"BANCOLOMBIA, S.A.",11,0.007851534618129907,0.0036,2.180981838369419
invol_churn -> vol_churn,attempt_last_bank_name,unknown,74,0.2195845697329377,0.17393333333333333,1.262463988499067
invol_churn -> vol_churn,attempt_last_bank_name,"JCB INTERNATIONAL CREDIT CARD CO., LTD.",35,0.10385756676557864,0.0116,8.953238514274021
invol_churn -> vol_churn,attempt_last_bank_name,SUNRATE PARTNERS UK LIMITED,15,0.04451038575667656,0.011133333333333334,3.9979388404200504
invol_churn -> vol_churn,attempt_last_bank_name,VTB BANK OJSC,14,0.04154302670623145,0.0304,1.3665469311260345
invol_churn -> vol_churn,attempt_last_bank_name,REVOLUT BANK UAB,11,0.032640949554896145,0.031133333333333332,1.0484245039045872
invol_churn -> vol_churn,attempt_last_bank_name,"TELLER, A.S.",11,0.032640949554896145,0.008,4.080118694362018
invol_churn -> vol_churn,attempt_last_bank_name,WESTPAC BANKING CORPORATION,6,0.017804154302670624,0.0164,1.085619164796989
invol_churn -> vol_churn,attempt_last_bank_name,LLOYDS TSB BANK PLC,5,0.01483679525222552,0.0031333333333333335,4.735147420923038
invol_churn -> vol_churn,attempt_last_bank_name,POSTE ITALIANE,5,0.01483679525222552,0.003533333333333333,4.199092995912883
invol_churn -> vol_churn,attempt_last_bank_name,WOORI BANK,4,0.011869436201780416,0.0044,2.697599136768276
not_churned -> invol_churn,attempt_last_bank_name,unknown,191,0.12758851035404142,0.17393333333333333,0.7335483538944505
not_churned -> invol_churn,attempt_last_bank_name,REVOLUT BANK UAB,79,0.052772211088844355,0.031133333333333332,1.6950389000699473
not_churned -> invol_churn,attempt_last_bank_name,VTB BANK OJSC,62,0.041416165664662656,0.0304,1.3623738705481137
not_churned -> invol_churn,attempt_last_bank_name,KASPI BANK JSC,55,0.03674014696058784,0.011133333333333334,3.3000132000528
not_churned -> invol_churn,attempt_last_bank_name,SUNRATE PARTNERS UK LIMITED,43,0.028724114896459586,0.011133333333333334,2.5800103200412803
not_churned -> invol_churn,attempt_last_bank_name,JSC UNIVERSAL BANK,42,0.028056112224448898,0.013333333333333334,2.1042084168336674
not_churned -> invol_churn,attempt_last_bank_name,WESTPAC BANKING CORPORATION,41,0.02738810955243821,0.0164,1.67000668002672
not_churned -> invol_churn,attempt_last_bank_name,"YES BANK, LTD.",38,0.025384101536406144,0.012933333333333333,1.9626882631241864
not_churned -> invol_churn,attempt_last_bank_name,STANDARD CHARTERED BANK,37,0.024716098864395457,0.0072,3.4327915089438137
not_churned -> invol_churn,attempt_last_bank_name,NU PAGAMENTOS SA,27,0.018036072144288578,0.0064,2.81813627254509
not_churned -> not_churned,attempt_last_bank_name,unknown,958,0.18095957687948622,0.17393333333333333,1.0403961875018373
not_churned -> not_churned,attempt_last_bank_name,"CHASE BANK USA, N.A.",145,0.027389497544389876,0.0162,1.6907097249623382
not_churned -> not_churned,attempt_last_bank_name,VTB BANK OJSC,144,0.02720060445787684,0.0304,0.894756725588054
not_churned -> not_churned,attempt_last_bank_name,REVOLUT BANK UAB,99,0.018700415564790327,0.031133333333333332,0.6006557461924088
not_churned -> not_churned,attempt_last_bank_name,AMERICAN EXPRESS COMPANY,77,0.014544767661503588,0.008666666666666666,1.6782424224811834
not_churned -> not_churned,attempt_last_bank_name,WESTPAC BANKING CORPORATION,74,0.013978088401964487,0.0164,0.8523224635344199
not_churned -> not_churned,attempt_last_bank_name,"WELLS FARGO BANK, N.A.",73,0.013789195315451454,0.009533333333333333,1.4464190890333692
not_churned -> not_churned,attempt_last_bank_name,"JPMORGAN CHASE BANK, N.A.",72,0.01360030222893842,0.011733333333333333,1.1591166672390698
not_churned -> not_churned,attempt_last_bank_name,AMERICAN EXPRESS,64,0.012089157536834151,0.006466666666666667,1.8694573510568275
not_churned -> not_churned,attempt_last_bank_name,JSC UNIVERSAL BANK,63,0.011900264450321118,0.013333333333333334,0.8925198337740838
not_churned -> vol_churn,attempt_last_bank_name,unknown,175,0.20933014354066987,0.17393333333333333,1.2035079161019733
not_churned -> vol_churn,attempt_last_bank_name,REVOLUT BANK UAB,19,0.022727272727272728,0.031133333333333332,0.7299980533385245
not_churned -> vol_churn,attempt_last_bank_name,VTB BANK OJSC,19,0.022727272727272728,0.0304,0.7476076555023924
not_churned -> vol_churn,attempt_last_bank_name,"BANCO ITAU, S.A.",16,0.019138755980861243,0.0017333333333333333,11.04158998895841
not_churned -> vol_churn,attempt_last_bank_name,"CHASE BANK USA, N.A.",15,0.017942583732057416,0.0162,1.1075668970405812
not_churned -> vol_churn,attempt_last_bank_name,TORONTO-DOMINION BANK,13,0.01555023923444976,0.0038666666666666667,4.021613595116317
not_churned -> vol_churn,attempt_last_bank_name,BARCLAYS BANK PLC,12,0.014354066985645933,0.0054,2.658160552897395
not_churned -> vol_churn,attempt_last_bank_name,"TELLER, A.S.",11,0.013157894736842105,0.008,1.644736842105263
not_churned -> vol_churn,attempt_last_bank_name,"WELLS FARGO BANK, N.A.",11,0.013157894736842105,0.009533333333333333,1.3801987486198013
not_churned -> vol_churn,attempt_last_bank_name,"JPMORGAN CHASE BANK, N.A.",10,0.011961722488038277,0.011733333333333333,1.0194649847759896
vol_churn -> invol_churn,attempt_last_bank_name,unknown,94,0.1346704871060172,0.17393333333333333,0.7742649699464385
vol_churn -> invol_churn,attempt_last_bank_name,REVOLUT BANK UAB,56,0.08022922636103152,0.031133333333333332,2.576955878833989
vol_churn -> invol_churn,attempt_last_bank_name,VTB BANK OJSC,30,0.04297994269340974,0.0304,1.4138139043884783
vol_churn -> invol_churn,attempt_last_bank_name,JSC UNIVERSAL BANK,23,0.0329512893982808,0.013333333333333334,2.47134670487106
vol_churn -> invol_churn,attempt_last_bank_name,WESTPAC BANKING CORPORATION,22,0.03151862464183381,0.0164,1.9218673562093784
vol_churn -> invol_churn,attempt_last_bank_name,KASPI BANK JSC,22,0.03151862464183381,0.011133333333333334,2.8310141893862704
vol_churn -> invol_churn,attempt_last_bank_name,SUNRATE PARTNERS UK LIMITED,22,0.03151862464183381,0.011133333333333334,2.8310141893862704
vol_churn -> invol_churn,attempt_last_bank_name,NU PAGAMENTOS SA,19,0.027220630372492838,0.0064,4.253223495702006
vol_churn -> invol_churn,attempt_last_bank_name,"JCB INTERNATIONAL CREDIT CARD CO., LTD.",15,0.02148997134670487,0.0116,1.8525837367849027
vol_churn -> invol_churn,attempt_last_bank_name,COMMERCIAL BANK MASTER-BANK,13,0.01862464183381089,0.005333333333333333,3.492120343839542
vol_churn -> not_churned,attempt_last_bank_name,unknown,482,0.20397799407532796,0.17393333333333333,1.1727366466576925
vol_churn -> not_churned,attempt_last_bank_name,VTB BANK OJSC,76,0.03216250528988574,0.0304,1.05797714769361
vol_churn -> not_churned,attempt_last_bank_name,"CHASE BANK USA, N.A.",61,0.02581464240372408,0.0162,1.593496444674326
vol_churn -> not_churned,attempt_last_bank_name,REVOLUT BANK UAB,58,0.02454506982649175,0.031133333333333332,0.7883855404654738
vol_churn -> not_churned,attempt_last_bank_name,WESTPAC BANKING CORPORATION,37,0.015658061785865426,0.0164,0.9547598649917942
vol_churn -> not_churned,attempt_last_bank_name,"JPMORGAN CHASE BANK, N.A.",37,0.015658061785865426,0.011733333333333333,1.3344939022044398
vol_churn -> not_churned,attempt_last_bank_name,"WELLS FARGO BANK, N.A.",35,0.014811680067710538,0.009533333333333333,1.5536727343752312
vol_churn -> not_churned,attempt_last_bank_name,AMERICAN EXPRESS COMPANY,34,0.014388489208633094,0.008666666666666666,1.6602102933038188
vol_churn -> not_churned,attempt_last_bank_name,AMERICAN EXPRESS US,28,0.01184934405416843,0.005,2.369868810833686
vol_churn -> not_churned,attempt_last_bank_name,"TELLER, A.S.",23,0.00973338975878121,0.008,1.2166737198476512
vol_churn -> vol_churn,attempt_last_bank_name,unknown,123,0.1646586345381526,0.17393333333333333,0.94667670297903
vol_churn -> vol_churn,attempt_last_bank_name,"JCB INTERNATIONAL CREDIT CARD CO., LTD.",67,0.08969210174029452,0.0116,7.732077736232286
vol_churn -> vol_churn,attempt_last_bank_name,VTB BANK OJSC,21,0.028112449799196786,0.0304,0.9247516381314732
vol_churn -> vol_churn,attempt_last_bank_name,REVOLUT BANK UAB,17,0.022757697456492636,0.031133333333333332,0.7309752930350953
vol_churn -> vol_churn,attempt_last_bank_name,DZ BANK AG,14,0.018741633199464525,0.0021333333333333334,8.785140562248996
vol_churn -> vol_churn,attempt_last_bank_name,TRADE REPUBLIC BANK GMBH,14,0.018741633199464525,0.002,9.370816599732262
vol_churn -> vol_churn,attempt_last_bank_name,JCB CARD,12,0.01606425702811245,0.0008,20.08032128514056
vol_churn -> vol_churn,attempt_last_bank_name,POSTE ITALIANE,12,0.01606425702811245,0.003533333333333333,4.546487838145032
vol_churn -> vol_churn,attempt_last_bank_name,"CHASE BANK USA, N.A.",11,0.014725568942436412,0.0162,0.9089857371874328
vol_churn -> vol_churn,attempt_last_bank_name,BARCLAYS BANK PLC,10,0.013386880856760375,0.0054,2.47905201051118
invol_churn -> invol_churn,attempt_last_card_funding,debit,961,0.5259989053092501,0.5229333333333334,1.0058622615551698
invol_churn -> invol_churn,attempt_last_card_funding,credit,625,0.34209085933223865,0.42046666666666666,0.8135980481978088
invol_churn -> invol_churn,attempt_last_card_funding,prepaid,241,0.1319102353585112,0.04873333333333333,2.7067763753456475
invol_churn -> not_churned,attempt_last_card_funding,debit,780,0.556745182012848,0.5229333333333334,1.064658048214268
invol_churn -> not_churned,attempt_last_card_funding,credit,588,0.4197002141327623,0.42046666666666666,0.9981771384162732
invol_churn -> not_churned,attempt_last_card_funding,prepaid,27,0.019271948608137045,0.04873333333333333,0.3954572217811979
invol_churn -> not_churned,attempt_last_card_funding,unknown,6,0.004282655246252677,0.007866666666666666,0.544405327913476
invol_churn -> vol_churn,attempt_last_card_funding,debit,208,0.6172106824925816,0.5229333333333334,1.1802855988511887
invol_churn -> vol_churn,attempt_last_card_funding,credit,112,0.3323442136498516,0.42046666666666666,0.7904175051130132
invol_churn -> vol_churn,attempt_last_card_funding,prepaid,15,0.04451038575667656,0.04873333333333333,0.9133458089605314
invol_churn -> vol_churn,attempt_last_card_funding,unknown,2,0.005934718100890208,0.007866666666666666,0.7544133179097723
not_churned -> invol_churn,attempt_last_card_funding,debit,769,0.5136940547762191,0.5229333333333334,0.9823318232589605
not_churned -> invol_churn,attempt_last_card_funding,credit,537,0.3587174348697395,0.42046666666666666,0.8531411959800369
not_churned -> invol_churn,attempt_last_card_funding,prepaid,191,0.12758851035404142,0.04873333333333333,2.6180952877026287
not_churned -> not_churned,attempt_last_card_funding,debit,2607,0.49244427653947864,0.5229333333333334,0.9416960923115986
not_churned -> not_churned,attempt_last_card_funding,credit,2535,0.4788439743105402,0.42046666666666666,1.1388393237130336
not_churned -> not_churned,attempt_last_card_funding,prepaid,103,0.01945598791084246,0.04873333333333333,0.39923367806106286
not_churned -> not_churned,attempt_last_card_funding,unknown,49,0.009255761239138648,0.007866666666666666,1.176579818534574
not_churned -> vol_churn,attempt_last_card_funding,debit,483,0.5777511961722488,0.5229333333333334,1.1048276316399455
not_churned -> vol_churn,attempt_last_card_funding,credit,320,0.3827751196172249,0.42046666666666666,0.9103578237289319
not_churned -> vol_churn,attempt_last_card_funding,unknown,19,0.022727272727272728,0.007866666666666666,2.8890600924499235
not_churned -> vol_churn,attempt_last_card_funding,prepaid,14,0.01674641148325359,0.04873333333333333,0.3436336145674471
vol_churn -> invol_churn,attempt_last_card_funding,debit,368,0.5272206303724928,0.5229333333333334,1.0081985537464804
vol_churn -> invol_churn,attempt_last_card_funding,credit,250,0.35816618911174786,0.42046666666666666,0.8518301627836083
vol_churn -> invol_churn,attempt_last_card_funding,prepaid,80,0.11461318051575932,0.04873333333333333,2.351843649434186
vol_churn -> not_churned,attempt_last_card_funding,debit,1259,0.5327972915785019,0.5229333333333334,1.0188627452419081
vol_churn -> not_churned,attempt_last_card_funding,credit,1042,0.4409648751586966,0.42046666666666666,1.0487510904360946
vol_churn -> not_churned,attempt_last_card_funding,prepaid,37,0.015658061785865426,0.04873333333333333,0.32130085743909903
vol_churn -> not_churned,attempt_last_card_funding,unknown,25,0.010579771476936098,0.007866666666666666,1.3448862046952668
vol_churn -> vol_churn,attempt_last_card_funding,debit,409,0.5475234270414994,0.5229333333333334,1.0470233816448866
vol_churn -> vol_churn,attempt_last_card_funding,credit,298,0.3989290495314592,0.42046666666666666,0.9487768737865686
vol_churn -> vol_churn,attempt_last_card_funding,prepaid,23,0.030789825970548863,0.04873333333333333,0.6318021744982667
vol_churn -> vol_churn,attempt_last_card_funding,unknown,17,0.022757697456492636,0.007866666666666666,2.8929276427744877
invol_churn -> invol_churn,attempt_last_card_3d_secure_support,optional,1671,0.9146141215106732,0.9528,0.9599224617030576
invol_churn -> invol_churn,attempt_last_card_3d_secure_support,required,80,0.043787629994526546,0.016533333333333334,2.6484453625721702
invol_churn -> invol_churn,attempt_last_card_3d_secure_support,not_supported,52,0.028461959496442254,0.0198,1.4374727018405178
invol_churn -> invol_churn,attempt_last_card_3d_secure_support,recommended,24,0.013136288998357963,0.009466666666666667,1.3876361617983763
invol_churn -> not_churned,attempt_last_card_3d_secure_support,optional,1384,0.9878658101356174,0.9528,1.0368029073631584
invol_churn -> not_churned,attempt_last_card_3d_secure_support,required,11,0.007851534618129907,0.016533333333333334,0.47489120674172824
invol_churn -> not_churned,attempt_last_card_3d_secure_support,not_supported,4,0.0028551034975017845,0.0198,0.14419714633847394
invol_churn -> not_churned,attempt_last_card_3d_secure_support,unknown,2,0.0014275517487508922,0.0014,1.0196798205363515
invol_churn -> vol_churn,attempt_last_card_3d_secure_support,optional,264,0.7833827893175074,0.9528,0.8221901651107341
invol_churn -> vol_churn,attempt_last_card_3d_secure_support,not_supported,38,0.11275964391691394,0.0198,5.694931510955249
invol_churn -> vol_churn,attempt_last_card_3d_secure_support,recommended,26,0.0771513353115727,0.009466666666666667,8.149788941363314
invol_churn -> vol_churn,attempt_last_card_3d_secure_support,required,9,0.026706231454005934,0.016533333333333334,1.615296257298746
not_churned -> invol_churn,attempt_last_card_3d_secure_support,optional,1413,0.9438877755511023,0.9528,0.9906462799654726
not_churned -> invol_churn,attempt_last_card_3d_secure_support,required,63,0.04208416833667335,0.016533333333333334,2.5454134074600816
not_churned -> invol_churn,attempt_last_card_3d_secure_support,recommended,17,0.011356045424181697,0.009466666666666667,1.1995822631177848
not_churned -> invol_churn,attempt_last_card_3d_secure_support,not_supported,4,0.0026720106880427524,0.0198,0.13495003474963393
not_churned -> not_churned,attempt_last_card_3d_secure_support,optional,5211,0.9843218738194182,0.9528,1.033083410809633
not_churned -> not_churned,attempt_last_card_3d_secure_support,not_supported,39,0.007366830374008312,0.0198,0.37206214010142985
not_churned -> not_churned,attempt_last_card_3d_secure_support,required,22,0.00415564790328674,0.016533333333333334,0.25134967156976246
not_churned -> not_churned,attempt_last_card_3d_secure_support,unknown,12,0.0022667170381564035,0.0014,1.6190835986831453
not_churned -> not_churned,attempt_last_card_3d_secure_support,recommended,10,0.0018889308651303363,0.009466666666666667,0.19953495054193693
not_churned -> vol_churn,attempt_last_card_3d_secure_support,optional,768,0.9186602870813397,0.9528,0.9641690670459065
not_churned -> vol_churn,attempt_last_card_3d_secure_support,recommended,30,0.03588516746411483,0.009466666666666667,3.7906867039557923
not_churned -> vol_churn,attempt_last_card_3d_secure_support,not_supported,24,0.028708133971291867,0.0198,1.4499057561258517
not_churned -> vol_churn,attempt_last_card_3d_secure_support,required,13,0.01555023923444976,0.016533333333333334,0.9405386633739774
not_churned -> vol_churn,attempt_last_card_3d_secure_support,unknown,1,0.0011961722488038277,0.0014,0.8544087491455912
vol_churn -> invol_churn,attempt_last_card_3d_secure_support,optional,648,0.9283667621776505,0.9528,0.9743563834778027
vol_churn -> invol_churn,attempt_last_card_3d_secure_support,required,21,0.03008595988538682,0.016533333333333334,1.8197153156483963
vol_churn -> invol_churn,attempt_last_card_3d_secure_support,not_supported,17,0.024355300859598854,0.0198,1.23006569997974
vol_churn -> invol_churn,attempt_last_card_3d_secure_support,recommended,12,0.017191977077363897,0.009466666666666667,1.8160539166229468
vol_churn -> not_churned,attempt_last_card_3d_secure_support,optional,2321,0.9822259839187474,0.9528,1.0308836942891975
vol_churn -> not_churned,attempt_last_card_3d_secure_support,not_supported,20,0.008463817181548879,0.0198,0.4274655142196403
vol_churn -> not_churned,attempt_last_card_3d_secure_support,required,11,0.004655099449851883,0.016533333333333334,0.28155843446684775
vol_churn -> not_churned,attempt_last_card_3d_secure_support,unknown,6,0.0025391451544646637,0.0014,1.8136751103319027
vol_churn -> not_churned,attempt_last_card_3d_secure_support,recommended,5,0.0021159542953872196,0.009466666666666667,0.22351629880850912
vol_churn -> vol_churn,attempt_last_card_3d_secure_support,optional,612,0.8192771084337349,0.9528,0.8598626243007294
vol_churn -> vol_churn,attempt_last_card_3d_secure_support,not_supported,99,0.13253012048192772,0.0198,6.693440428380187
vol_churn -> vol_churn,attempt_last_card_3d_secure_support,recommended,18,0.024096385542168676,0.009466666666666667,2.54539283896148
vol_churn -> vol_churn,attempt_last_card_3d_secure_support,required,18,0.024096385542168676,0.016533333333333334,1.4574426739214925
invol_churn -> invol_churn,attempt_last_cvc_check,pass,1451,0.7941981390257252,0.6265333333333334,1.2676071595430811
invol_churn -> invol_churn,attempt_last_cvc_check,not_provided,278,0.15216201423097975,0.352,0.43227844951982886
invol_churn -> invol_churn,attempt_last_cvc_check,unavailable,90,0.04926108374384237,0.018,2.7367268746579096
invol_churn -> invol_churn,attempt_last_cvc_check,fail,6,0.003284072249589491,0.0017333333333333333,1.8946570670708602
invol_churn -> invol_churn,attempt_last_cvc_check,unchecked,2,0.0010946907498631637,0.0003333333333333333,3.2840722495894914
invol_churn -> not_churned,attempt_last_cvc_check,pass,879,0.6274089935760171,0.6265333333333334,1.0013976275420575
invol_churn -> not_churned,attempt_last_cvc_check,not_provided,497,0.3547466095645967,0.352,1.0078028680812408
invol_churn -> not_churned,attempt_last_cvc_check,unavailable,22,0.015703069236259814,0.018,0.8723927353477675
invol_churn -> not_churned,attempt_last_cvc_check,unknown,2,0.0014275517487508922,0.0014,1.0196798205363515
invol_churn -> not_churned,attempt_last_cvc_check,fail,1,0.0007137758743754461,0.0017333333333333333,0.411793773678142
invol_churn -> vol_churn,attempt_last_cvc_check,pass,258,0.7655786350148368,0.6265333333333334,1.2219280192830977
invol_churn -> vol_churn,attempt_last_cvc_check,not_provided,74,0.2195845697329377,0.352,0.6238198003776639
invol_churn -> vol_churn,attempt_last_cvc_check,unavailable,5,0.01483679525222552,0.018,0.8242664029014178
not_churned -> invol_churn,attempt_last_cvc_check,pass,1196,0.7989311957247829,0.6265333333333334,1.275161516904846
not_churned -> invol_churn,attempt_last_cvc_check,not_provided,259,0.1730126920507682,0.352,0.49151332968968237
not_churned -> invol_churn,attempt_last_cvc_check,unavailable,35,0.02338009352037408,0.018,1.2988940844652268
not_churned -> invol_churn,attempt_last_cvc_check,fail,5,0.0033400133600534404,0.0017333333333333333,1.9269307846462156
not_churned -> invol_churn,attempt_last_cvc_check,unchecked,2,0.0013360053440213762,0.0003333333333333333,4.008016032064129
not_churned -> not_churned,attempt_last_cvc_check,pass,2793,0.527578390630903,0.6265333333333334,0.8420595721923327
not_churned -> not_churned,attempt_last_cvc_check,not_provided,2436,0.4601435587457499,0.352,1.3072260191640623
not_churned -> not_churned,attempt_last_cvc_check,unavailable,47,0.00887797506611258,0.018,0.4932208370062545
not_churned -> not_churned,attempt_last_cvc_check,unknown,12,0.0022667170381564035,0.0014,1.6190835986831453
not_churned -> not_churned,attempt_last_cvc_check,fail,6,0.0011333585190782018,0.0017333333333333333,0.653860684083578
not_churned -> vol_churn,attempt_last_cvc_check,pass,540,0.645933014354067,0.6265333333333334,1.0309635257832523
not_churned -> vol_churn,attempt_last_cvc_check,not_provided,284,0.3397129186602871,0.352,0.9650935189212702
not_churned -> vol_churn,attempt_last_cvc_check,unavailable,10,0.011961722488038277,0.018,0.6645401382243488
not_churned -> vol_churn,attempt_last_cvc_check,fail,1,0.0011961722488038277,0.0017333333333333333,0.6900993743099006
not_churned -> vol_churn,attempt_last_cvc_check,unknown,1,0.0011961722488038277,0.0014,0.8544087491455912
vol_churn -> invol_churn,attempt_last_cvc_check,pass,555,0.7951289398280802,0.6265333333333334,1.269092796065248
vol_churn -> invol_churn,attempt_last_cvc_check,not_provided,120,0.17191977077363896,0.352,0.488408439697838
vol_churn -> invol_churn,attempt_last_cvc_check,unavailable,23,0.0329512893982808,0.018,1.8306271887933778
vol_churn -> not_churned,attempt_last_cvc_check,pass,1239,0.524333474396953,0.6265333333333334,0.8368804124233129
vol_churn -> not_churned,attempt_last_cvc_check,not_provided,1085,0.45916208209902665,0.352,1.3044377332358712
vol_churn -> not_churned,attempt_last_cvc_check,unavailable,26,0.011002962336013541,0.018,0.6112756853340857
vol_churn -> not_churned,attempt_last_cvc_check,fail,6,0.0025391451544646637,0.0017333333333333333,1.4648914352680753
vol_churn -> not_churned,attempt_last_cvc_check,unknown,6,0.0025391451544646637,0.0014,1.8136751103319027
vol_churn -> not_churned,attempt_last_cvc_check,unchecked,1,0.00042319085907744394,0.0003333333333333333,1.2695725772323319
vol_churn -> vol_churn,attempt_last_cvc_check,pass,487,0.6519410977242303,0.6265333333333334,1.0405529331627423
vol_churn -> vol_churn,attempt_last_cvc_check,not_provided,247,0.33065595716198126,0.352,0.9393635146647196
vol_churn -> vol_churn,attempt_last_cvc_check,unavailable,12,0.01606425702811245,0.018,0.892458723784025
vol_churn -> vol_churn,attempt_last_cvc_check,fail,1,0.0013386880856760374,0.0017333333333333333,0.7723200494284832
invol_churn -> invol_churn,attempt_last_failure_code,unknown,1591,0.8708264915161467,0.9370666666666667,0.9293111392104582
invol_churn -> invol_churn,attempt_last_failure_code,card_declined,232,0.12698412698412698,0.06166666666666667,2.0592020592020592
invol_churn -> invol_churn,attempt_last_failure_code,incorrect_number,2,0.0010946907498631637,0.0003333333333333333,3.2840722495894914
invol_churn -> invol_churn,attempt_last_failure_code,authentication_required,1,0.0005473453749315818,0.0003333333333333333,1.6420361247947457
invol_churn -> invol_churn,attempt_last_failure_code,processing_error,1,0.0005473453749315818,0.0002,2.736726874657909
invol_churn -> not_churned,attempt_last_failure_code,unknown,1317,0.9400428265524625,0.9370666666666667,1.0031760385804593
invol_churn -> not_churned,attempt_last_failure_code,card_declined,84,0.059957173447537475,0.06166666666666667,0.9722784883384455
invol_churn -> vol_churn,attempt_last_failure_code,unknown,318,0.9436201780415431,0.9370666666666667,1.0069936447512198
invol_churn -> vol_churn,attempt_last_failure_code,card_declined,18,0.05341246290801187,0.06166666666666667,0.8661480471569492
invol_churn -> vol_churn,attempt_last_failure_code,incorrect_cvc,1,0.002967359050445104,0.0002,14.836795252225519
not_churned -> invol_churn,attempt_last_failure_code,unknown,1310,0.8750835003340013,0.9370666666666667,0.9338540484497737
not_churned -> invol_churn,attempt_last_failure_code,card_declined,179,0.11957247828991316,0.06166666666666667,1.9390131614580512
not_churned -> invol_churn,attempt_last_failure_code,authentication_required,2,0.0013360053440213762,0.0003333333333333333,4.008016032064129
not_churned -> invol_churn,attempt_last_failure_code,processing_error,2,0.0013360053440213762,0.0002,6.680026720106881
not_churned -> invol_churn,attempt_last_failure_code,expired_card,1,0.0006680026720106881,6.666666666666667e-05,10.02004008016032
not_churned -> invol_churn,attempt_last_failure_code,invalid_cvc,1,0.0006680026720106881,0.00013333333333333334,5.01002004008016
not_churned -> invol_churn,attempt_last_failure_code,incorrect_number,1,0.0006680026720106881,0.0003333333333333333,2.0040080160320644
not_churned -> invol_churn,attempt_last_failure_code,incorrect_cvc,1,0.0006680026720106881,0.0002,3.3400133600534403
not_churned -> not_churned,attempt_last_failure_code,unknown,5088,0.9610880241783151,0.9370666666666667,1.0256346302415142
not_churned -> not_churned,attempt_last_failure_code,card_declined,203,0.038345296562145824,0.06166666666666667,0.621815619926689
not_churned -> not_churned,attempt_last_failure_code,incorrect_number,2,0.00037778617302606723,0.0003333333333333333,1.1333585190782018
not_churned -> not_churned,attempt_last_failure_code,incorrect_cvc,1,0.00018889308651303362,0.0002,0.944465432565168
not_churned -> vol_churn,attempt_last_failure_code,unknown,803,0.9605263157894737,0.9370666666666667,1.025035197555642
not_churned -> vol_churn,attempt_last_failure_code,card_declined,32,0.03827751196172249,0.06166666666666667,0.6207164101900944
not_churned -> vol_churn,attempt_last_failure_code,authentication_required,1,0.0011961722488038277,0.0003333333333333333,3.588516746411483
vol_churn -> invol_churn,attempt_last_failure_code,unknown,622,0.8911174785100286,0.9370666666666667,0.9509648675050106
vol_churn -> invol_churn,attempt_last_failure_code,card_declined,75,0.10744985673352435,0.06166666666666667,1.7424301091922867
vol_churn -> invol_churn,attempt_last_failure_code,authentication_required,1,0.0014326647564469914,0.0003333333333333333,4.2979942693409745
vol_churn -> not_churned,attempt_last_failure_code,unknown,2287,0.9678374947101143,0.9370666666666667,1.0328373947532523
vol_churn -> not_churned,attempt_last_failure_code,card_declined,75,0.031739314430808296,0.06166666666666667,0.5146915853644588
vol_churn -> not_churned,attempt_last_failure_code,invalid_cvc,1,0.00042319085907744394,0.00013333333333333334,3.1739314430808294
vol_churn -> vol_churn,attempt_last_failure_code,unknown,720,0.963855421686747,0.9370666666666667,1.028587885977604
vol_churn -> vol_churn,attempt_last_failure_code,card_declined,27,0.03614457831325301,0.06166666666666667,0.5861282969716705
