fold,feature,weighted_f1_drop,macro_f1_drop,not_churned_f1_drop,vol_churn_f1_drop,invol_churn_f1_drop,evaluation_users
fold_1,subscription_plan,-0.0023267932649919665,-0.002457729976397316,-0.0023545979671771855,-0.00592136838018964,0.0009027764181747666,15000
fold_1,country_code,0.017620422013304604,0.014860946922680474,0.02310577659970281,-0.01177188264188378,0.03324894681022228,15000
fold_1,signup_weekday,-0.00177102295076359,-0.0023067273111608833,-0.0006119164637481411,-0.006757534099661677,0.0004492686299270021,15000
fold_1,signup_hour,0.0030879723123520275,0.0038505707986445925,0.000787543244062272,0.005219869677046407,0.005544299474824987,15000
fold_1,signup_is_weekend,0.00019419850003798977,0.0003161658482349061,-0.0001577699182049308,0.0006569988329825915,0.0004492686299270021,15000
fold_1,quiz_rows,0.0,0.0,0.0,0.0,0.0,15000
fold_1,quiz_missing_answers,0.0004054027860190823,0.0004891694113333678,0.0001576931211653143,0.0006775915498625773,0.0006322235629722117,15000
fold_1,quiz_answered,0.0005174830811469633,0.0006073776915195839,0.00020748241027868097,0.0004722880884267533,0.0011423625758532063,15000
fold_1,quiz_source,0.0005907715927757629,0.0008486114758611274,-0.00035003111633868933,6.676554728729522e-05,0.0028290999966346098,15000
fold_1,quiz_flow_type,-8.707268987295791e-05,-0.00010890629411453023,-3.94352776377227e-05,-0.0002872836047058125,0.0,15000
fold_1,quiz_team_size,0.001571496427860808,0.0014034763014593166,0.0023148658955632895,0.0029079797472934543,-0.0010124167384788496,15000
fold_1,quiz_experience,0.0006487128277337106,0.0006592168868834181,0.0008520479581278773,0.002472785948777645,-0.0013471832462553235,15000
fold_1,quiz_usage_plan,0.0023971199252122988,0.002330455358445893,0.0027485252884860145,0.003358555383737638,0.0008842854031138603,15000
fold_1,quiz_frustration,0.0007941088072757063,0.000231251596647164,0.002377541614153489,-0.0016534821212468853,-3.0304702965167074e-05,15000
fold_1,quiz_first_feature,0.0019644970237505666,0.0012807556202480974,0.003519381059020832,-0.0038236827012807506,0.0041465685030041555,15000
fold_1,quiz_role,0.0010701060078422975,0.001058906732757492,0.0011208803264262102,0.001168546802433501,0.000887293069412709,15000
fold_1,quiz_cost_concern,0.0015773522549952235,0.0017528791594118576,0.0010778387387174737,0.002296950505816242,0.001883848233701746,15000
fold_1,attempt_count,0.0,0.0,0.0,0.0,0.0,15000
fold_1,attempt_unique_transactions,-5.549246210545533e-06,6.228556452936296e-06,-8.228325148562643e-05,-0.0002872836047058125,0.00038825252554997025,15000
fold_1,attempt_active_days,0.00012181851378489927,8.114742458359414e-05,0.00024344227375083793,0.0,0.0,15000
fold_1,attempt_success_count,0.0002098781373554015,0.00023964319077873775,3.6001609148184066e-05,-0.0003490401396160636,0.0010319681028040928,15000
fold_1,attempt_failure_count,0.0,0.0,0.0,0.0,0.0,15000
fold_1,attempt_failure_rate,0.0,0.0,0.0,0.0,0.0,15000
fold_1,attempt_amount_sum,0.0004979622506036119,0.0006780230566590939,-0.00028626281122279273,-0.000839484413159175,0.003159816394359083,15000
fold_1,attempt_amount_mean,-1.1853110792658939e-05,-1.1515102427639423e-05,-3.601914204365286e-05,-0.00018766256193020192,0.00018913639669076998,15000
fold_1,attempt_amount_std,0.0017014365210229476,0.002047136640422831,0.0002538488305754427,-0.0004230313295866539,0.006310592420279759,15000
fold_1,attempt_amount_max,0.0008901332981835486,0.0010677653839498702,0.00019710440848985655,0.00018635708323849753,0.0028198346601213675,15000
fold_1,attempt_first_day,-5.73691465113324e-05,-4.7782963501608045e-05,-8.228325148562643e-05,0.0,-6.10656390191977e-05,15000
fold_1,attempt_last_day,0.002012345165044893,0.0022349777790334757,0.0014275053781062086,0.0032971565222286725,0.001980271436765435,15000
fold_1,attempt_night_rate,0.00047399918087076554,0.0005016514365944191,0.0003292331864399589,8.280349137484988e-05,0.001092917631968171,15000
fold_1,attempt_weekend_rate,-0.00024094762103887835,-0.0003318981178337399,4.972460009111668e-05,-0.0003706264794874903,-0.0006747924741048461,15000
fold_1,attempt_distinct_failures,6.723134065789171e-05,4.804705512084784e-05,4.2860598747584966e-05,-0.0006144250252714811,0.0007157055918863842,15000
fold_1,attempt_distinct_cards,-0.00017412428610219521,-0.00021778077561862563,-7.887535596662332e-05,-0.0005744669708893646,0.0,15000
fold_1,attempt_distinct_banks,0.0006665486934188669,0.0007533382511836217,0.00023997595440938824,-0.0003490401396160636,0.002369078938757374,15000
fold_1,attempt_distinct_card_countries,-2.7883652316318397e-05,-6.810699636572437e-05,8.229326770614609e-05,-0.00022554861778401047,-6.10656390191977e-05,15000
fold_1,attempt_count_d1,-0.00016749753153599833,-0.00013214818353501911,-0.000536323809678052,-0.0020708741337889802,0.0022107533928620304,15000
fold_1,attempt_failures_d1,0.0,0.0,0.0,0.0,0.0,15000
fold_1,attempt_count_d3,0.0006732471134762719,0.0007915675414218448,0.0002655040910443107,0.0006159280744334472,0.001493270458787721,15000
fold_1,attempt_failures_d3,0.00027829116422894984,0.0002749053873695728,0.0002828579364403394,0.00022570612380201638,0.0003161521018664182,15000
fold_1,attempt_count_d7,0.0007513326399720688,0.0008647264883216987,0.00015424329487256916,-0.0008791630814702356,0.003319099251562818,15000
fold_1,attempt_failures_d7,0.0,0.0,0.0,0.0,0.0,15000
fold_1,attempt_count_d14,0.0001324585773524456,0.00019315192608793108,-6.842509610804903e-06,0.0006364849604763023,-5.0186672601759685e-05,15000
fold_1,attempt_failures_d14,0.0002744084792943857,0.00028083678081947117,0.00020056247935107407,-0.00012345588737117108,0.0007654037504783995,15000
fold_1,failure_card_declined_count,-5.394994393181918e-05,-0.0001084030038576711,7.54203004343923e-05,-0.00047261789854435854,7.198858653684193e-05,15000
fold_1,failure_insufficient_funds_count,0.0,0.0,0.0,0.0,0.0,15000
fold_1,failure_incorrect_cvc_count,0.0,0.0,0.0,0.0,0.0,15000
fold_1,failure_expired_card_count,0.0,0.0,0.0,0.0,0.0,15000
fold_1,failure_authentication_required_count,0.0,0.0,0.0,0.0,0.0,15000
fold_1,failure_do_not_honor_count,0.0,0.0,0.0,0.0,0.0,15000
fold_1,failure_processing_error_count,0.0,0.0,0.0,0.0,0.0,15000
fold_1,failure_generic_decline_count,0.0,0.0,0.0,0.0,0.0,15000
fold_1,is_3d_secure_rate,0.002952313566512932,0.002885153491081205,0.0030555265411802424,0.0020056621258708884,0.003594271806192373,15000
fold_1,is_3d_secure_authenticated_rate,0.001997117487790301,0.002277984656559373,0.0010918683725668066,0.002339433318054418,0.0034026522790567837,15000
fold_1,is_prepaid_rate,0.000297198995695247,0.00047467935396355854,-0.0002963667602806641,0.0003490401396160636,0.001371364682555276,15000
fold_1,is_virtual_rate,0.00048607329155359036,0.0007832570598706456,-0.0003919709098688662,0.001457612573971534,0.0012841295155091026,15000
fold_1,is_business_rate,0.003708766548131903,0.0038673420571537775,0.002923722183040045,0.0018100730516455998,0.006868230936775688,15000
fold_1,attempt_last_billing_address_country,0.03251601787671765,0.01676160092344081,0.07706304372180306,-0.03426169800844503,0.007483457056964349,15000
fold_1,attempt_last_card_3d_secure_support,0.011134106690921852,0.008239706745120035,0.01783622735882162,-0.012451796419139127,0.01933468929567761,15000
fold_1,attempt_last_card_brand,0.000944691215792548,0.001307636074264651,0.0001715050299760934,0.00441565025788021,-0.0006642470650624621,15000
fold_1,attempt_last_card_country,0.04919311371832874,0.03464458414054067,0.08903343176795575,-0.022377254035435112,0.03727757468910148,15000
fold_1,attempt_last_card_funding,0.014500324713635715,0.01784696912939676,0.005226081715657527,0.030126569650485824,0.018188256022046934,15000
fold_1,attempt_last_cvc_check,0.004117508401030201,0.004933925154687824,0.0010304984547008234,0.0016329769021103946,0.012138300107252253,15000
fold_1,attempt_last_digital_wallet,0.0008953639498640031,0.0009396475119901604,0.000676750865312381,0.0003698511102835367,0.0017723405603743414,15000
fold_1,attempt_last_payment_method_type,0.0,0.0,0.0,0.0,0.0,15000
fold_1,attempt_last_bank_name,0.0176012535177561,0.023285800754289654,-0.002890726533174348,0.007955541615396355,0.0647925871806469,15000
fold_1,attempt_last_bank_country,0.0007476625293759698,0.00012263309954041457,0.0026378997680566174,-0.0009630392835946466,-0.0013069611858407826,15000
fold_1,attempt_last_failure_code,-0.0015161751908061571,-0.0013528738582151978,-0.002114805018120114,-0.0018692659432371084,-7.45506132884266e-05,15000
fold_1,attempt_span_days,-6.88773718238167e-06,1.7162652456437222e-05,-0.00013870703065688161,-0.000392258121226452,0.0005824531092525342,15000
fold_1,attempt_success_rate,0.0,0.0,0.0,0.0,0.0,15000
fold_1,purchase_count,0.0,0.0,0.0,0.0,0.0,15000
fold_1,purchase_unique_transactions,0.0,0.0,0.0,0.0,0.0,15000
fold_1,purchase_active_days,0.00012684642940008484,0.00012583942111960011,0.00012172113687536346,6.16956310296457e-05,0.0001941014954539022,15000
fold_1,purchase_amount_sum,-0.0002210903021605537,-0.0003101001695559047,0.00014931927359607133,0.0003082630003757858,-0.0013878827826396822,15000
fold_1,purchase_amount_mean,0.0008141979875568861,0.0012796322670191596,-0.0004246919140933336,0.0033762956457379922,0.000887293069412709,15000
fold_1,purchase_amount_std,0.0015624293657087174,0.0016805981436719963,0.0007768411020370181,-0.0013841706300041223,0.005649123958983149,15000
fold_1,purchase_amount_max,-0.00016260790789957014,9.292323669607416e-05,-0.0009764516748519414,0.00022325328213584905,0.0010319681028040928,15000
fold_1,purchase_first_day,0.0,0.0,0.0,0.0,0.0,15000
fold_1,purchase_last_day,0.0011402751069322647,0.0012903042761319705,0.0006126576332902145,0.00098662501649871,0.0022716301786069315,15000
fold_1,purchase_type_nunique,0.00014799934640497003,0.00014950936761659595,0.00016114420713164712,0.0002873838957180852,0.0,15000
fold_1,purchase_last_type,-0.0004306770686618444,-0.0003373431948535677,-0.001604281920535855,-0.006981827430962706,0.007574079766937858,15000
fold_1,purchase_count_d1,-0.00022247759545113155,-0.0002722213591362377,-7.887535596662332e-05,-0.00041081823379840454,-0.0003269704876437407,15000
fold_1,purchase_spend_d1,-0.00030584098413721783,-0.00013182083726387406,-0.000900918152376029,-0.0003549228385983372,0.0008603784791827995,15000
fold_1,purchase_count_d3,0.0,0.0,0.0,0.0,0.0,15000
fold_1,purchase_spend_d3,0.00037703098643682154,0.0005320310967810715,-0.0002704273061009399,-0.0005633619556068004,0.002429882552051066,15000
fold_1,purchase_count_d7,-0.0007487284680249839,-0.000995751696646785,-0.00022992017413081545,-0.003167818402036948,0.00041048348622751973,15000
fold_1,purchase_spend_d7,0.0005228433470916283,0.0009072861085912542,-0.0006383592470001753,0.001586083961333029,0.001774133611440798,15000
fold_1,purchase_count_d14,0.0001966341630481594,0.0002785832926917031,-6.842509610804903e-06,0.0007596541025006176,8.293828518551871e-05,15000
fold_1,purchase_spend_d14,0.0009080867513410196,0.0011575770599965285,5.825981592344487e-05,0.0008631255291381423,0.0025513458349279428,15000
fold_1,purchase_span_days,-5.73691465113324e-05,-4.7782963501608045e-05,-8.228325148562643e-05,0.0,-6.10656390191977e-05,15000
fold_1,attempts_per_purchase,0.0,0.0,0.0,0.0,0.0,15000
fold_1,failures_per_purchase,0.0010406370312381341,0.0010603642078598763,0.0009021876092856207,0.0004929629298446314,0.0017859420844495433,15000
fold_1,spend_per_attempt,0.0010318123934769385,0.001469395353652314,-0.0006449578970846304,-0.00046933595796938565,0.005522479916010958,15000
fold_1,purchase_attempt_gap,5.8899312735061216e-05,3.959779996554058e-05,7.885615670755186e-05,-0.0002872836047058125,0.00032722084789466033,15000
fold_1,activity_days_total,0.000198062586937775,0.00020369745457043953,0.00016114420713164712,6.16956310296457e-05,0.00038825252554997025,15000
fold_2,subscription_plan,0.0004832050070704419,0.0015084768027087692,-0.002499168812535202,0.008096095359778399,-0.0010714961391168343,15000
fold_2,country_code,0.028204943907877422,0.018811717679421747,0.05576434385305662,-0.038205832287154684,0.03887664147236314,15000
fold_2,signup_weekday,-0.0009291645319386976,-0.0010479541133412429,-0.0004872086422277322,-0.0004471343246572612,-0.0022095193731387908,15000
fold_2,signup_hour,0.0009613147755999085,0.0011016072827980117,0.0007156541712683984,0.004301116791164683,-0.0017119491140390464,15000
fold_2,signup_is_weekend,0.0007609589359930391,0.0006464174324036787,0.0011395952646962026,0.0005535072825418874,0.0002461497499729459,15000
fold_2,quiz_rows,0.0,0.0,0.0,0.0,0.0,15000
fold_2,quiz_missing_answers,-0.0008626484605559481,-0.001142249965990827,-7.189489430281526e-05,-0.0032580600279640826,-9.679497570563855e-05,15000
fold_2,quiz_answered,0.0,0.0,0.0,0.0,0.0,15000
fold_2,quiz_source,0.0011598867719567751,0.0011041061961489795,0.0017228405677115477,0.006414806329137768,-0.004825328308402377,15000
fold_2,quiz_flow_type,0.0,0.0,0.0,0.0,0.0,15000
fold_2,quiz_team_size,0.004963803220393026,0.005572619094203979,0.003335600780603021,0.011504179361714384,0.0018780771402943652,15000
fold_2,quiz_experience,0.001457326760252009,0.0011859140908233035,0.0023247566280819587,0.0005445585421243737,0.0006884271022635224,15000
fold_2,quiz_usage_plan,-0.0003111180633956767,-0.0004148414102636555,0.00017666796570725563,0.0015512451394012472,-0.0029724373358994693,15000
fold_2,quiz_frustration,-0.0010954639029314706,-0.0019425407917184612,0.0016914007417550003,-0.002817694453126296,-0.004701328663784143,15000
fold_2,quiz_first_feature,0.0007097197433345581,0.00111419019449005,-0.00029073887929931264,0.006204357320603315,-0.0025710478578337415,15000
fold_2,quiz_role,0.000344435275584809,0.00016655041688712346,0.0008981962311799263,-0.0004625630437065098,6.401806318795389e-05,15000
fold_2,quiz_cost_concern,0.0014926338002024808,0.0014801391355427351,0.001570351849727536,0.00198520638439742,0.000884859172503305,15000
fold_2,attempt_count,0.0,0.0,0.0,0.0,0.0,15000
fold_2,attempt_unique_transactions,0.0002583313384700858,0.00030758049447937585,0.00011422276452033309,0.0006119980440335016,0.0001965206748841819,15000
fold_2,attempt_active_days,0.00016599209477385912,0.00019542637804409457,3.9726790706851034e-05,-0.00019050338414161594,0.0007370557275671041,15000
fold_2,attempt_success_count,-0.0002374287186447388,-0.00022985988464679918,-0.0002466360795285727,0.0,-0.00044294357441171384,15000
fold_2,attempt_failure_count,-6.889154141920262e-05,-0.00010564125369277866,0.00012639540908021552,0.0009087470693980304,-0.0013520662395564154,15000
fold_2,attempt_failure_rate,0.0001680642793226994,0.00020100953376284147,0.0001644735127871444,0.001717750177746169,-0.001279195089244789,15000
fold_2,attempt_amount_sum,0.00039206601163421784,0.0005073101399593605,0.00015228786029020114,0.0025982374131135466,-0.0012285948535256663,15000
fold_2,attempt_amount_mean,8.724655462921671e-05,2.84788713852957e-05,0.00019034837790199433,-0.0013090021378933114,0.0012040903741469822,15000
fold_2,attempt_amount_std,0.0007103386293484393,0.0006512237916418973,0.0009050943846693471,0.0005939584962988409,0.0004546184939576148,15000
fold_2,attempt_amount_max,0.0004700408526954192,0.00038624726342501026,0.0007280439260166638,4.9593300191497214e-05,0.00038110456406670323,15000
fold_2,attempt_first_day,0.0,0.0,0.0,0.0,0.0,15000
fold_2,attempt_last_day,0.000841761647041861,0.0010350668062513724,0.00021908550805505023,0.0014228597484080563,0.0014632551622910661,15000
fold_2,attempt_night_rate,0.0,0.0,0.0,0.0,0.0,15000
fold_2,attempt_weekend_rate,0.00032930453864266074,0.00031329410595604124,0.00045664388210597817,0.001353129661951058,-0.000869891226188857,15000
fold_2,attempt_distinct_failures,0.0,0.0,0.0,0.0,0.0,15000
fold_2,attempt_distinct_cards,0.0,0.0,0.0,0.0,0.0,15000
fold_2,attempt_distinct_banks,0.00038540977597723014,0.0002837456083453205,0.0006705087963175815,-0.0005198374131709649,0.0007005654418892893,15000
fold_2,attempt_distinct_card_countries,9.873423852180263e-05,9.170748257508743e-05,0.00012639540908021552,0.00014872703864510228,0.0,15000
fold_2,attempt_count_d1,0.0007670425353950572,0.001020089444045913,4.5792368177699494e-05,0.002855769620707549,0.00015870634325249044,15000
fold_2,attempt_failures_d1,-0.00026562185968814767,-0.00037302646271686335,8.223180922661832e-05,-0.0005618787527921221,-0.0006394324445850863,15000
fold_2,attempt_count_d3,0.00014367190176434175,0.0001724903971186964,8.83127231706693e-05,0.0007604516616629975,-0.0003312931934776331,15000
fold_2,attempt_failures_d3,0.0,0.0,0.0,0.0,0.0,15000
fold_2,attempt_count_d7,0.00013868089863200428,0.00021553842345167773,-8.827023448965132e-05,0.0006615001777461882,7.338532709849632e-05,15000
fold_2,attempt_failures_d7,-3.6306639323968604e-05,-8.106332830992713e-06,-9.431637023726847e-05,0.0005129409461560042,-0.00044294357441171384,15000
fold_2,attempt_count_d14,0.0,0.0,0.0,0.0,0.0,15000
fold_2,attempt_failures_d14,6.638961824734224e-08,1.3428584738184313e-05,-6.0635168293021735e-06,0.0005624783033019165,-0.0005161290322580614,15000
fold_2,failure_card_declined_count,-0.00010918940580684211,-9.187400671556434e-05,-0.00016443394259268995,-4.961093336491862e-05,-6.157714418925098e-05,15000
fold_2,failure_insufficient_funds_count,0.0,0.0,0.0,0.0,0.0,15000
fold_2,failure_incorrect_cvc_count,0.0,0.0,0.0,0.0,0.0,15000
fold_2,failure_expired_card_count,0.0,0.0,0.0,0.0,0.0,15000
fold_2,failure_authentication_required_count,0.0,0.0,0.0,0.0,0.0,15000
fold_2,failure_do_not_honor_count,0.0,0.0,0.0,0.0,0.0,15000
fold_2,failure_processing_error_count,0.0,0.0,0.0,0.0,0.0,15000
fold_2,failure_generic_decline_count,0.0,0.0,0.0,0.0,0.0,15000
fold_2,is_3d_secure_rate,-0.0003101172983728251,-0.0003955636355147951,-0.0001221410460281458,-0.0018016055880833437,0.0007370557275671041,15000
fold_2,is_3d_secure_authenticated_rate,-0.0001226778601632894,-0.0002750913981289238,0.00033248515681416624,-0.0010872513717491428,-7.050797945179488e-05,15000
fold_2,is_prepaid_rate,-0.00010560552784211197,-0.00023102103886890601,0.00027118372398149404,-0.000867451864882629,-9.679497570563855e-05,15000
fold_2,is_virtual_rate,0.0003001899785861628,0.0002448849831309663,0.0003634800227221291,-0.0014911034354312958,0.001862278362102232,15000
fold_2,is_business_rate,0.006369328761244963,0.0075639198411048825,0.002395713137443467,0.00818355585226438,0.012112490533606746,15000
fold_2,attempt_last_billing_address_country,0.00348797375539589,-0.0012099350914511753,0.018287406184357313,-0.015353035488471889,-0.006564175970239061,15000
fold_2,attempt_last_card_3d_secure_support,0.0066975260463815744,0.005629016403276121,0.00961741178295561,-0.0038999602685013124,0.011169597695374012,15000
fold_2,attempt_last_card_brand,0.002035956553044116,0.0022199063934880137,0.0014564660636057214,0.002773567926511178,0.002429685190347086,15000
fold_2,attempt_last_card_country,0.030249373721367268,0.017664121519581688,0.06971886999749233,-0.02272500506365349,0.005998499624906228,15000
fold_2,attempt_last_card_funding,0.017099341105704602,0.019744625023533136,0.009307235407502668,0.035364021186149536,0.014562618476947287,15000
fold_2,attempt_last_cvc_check,0.0028193151262103644,0.0027124151338297486,0.002902285897964041,-0.0012000301279615488,0.006434989631486643,15000
fold_2,attempt_last_digital_wallet,0.0007723599217236421,0.0009268214990224011,0.00024813522617905814,0.0008593328300822711,0.001672996440805985,15000
fold_2,attempt_last_payment_method_type,0.0,0.0,0.0,0.0,0.0,15000
fold_2,attempt_last_bank_name,0.014608047810612423,0.017244918599855052,0.004817883729524519,0.004195190017318384,0.04272168205272209,15000
fold_2,attempt_last_bank_country,0.003972434173268313,0.004180848551633698,0.0033086683773411174,0.004706199318147308,0.004527677959412557,15000
fold_2,attempt_last_failure_code,0.0006534894961897075,0.0012159399037509622,-0.001214453250816927,0.001549538455258126,0.0033127345068116876,15000
fold_2,attempt_span_days,0.0004451345379045124,0.0005485810593337526,0.0001218621684370147,0.0008968867158643534,0.0006269942936997785,15000
fold_2,attempt_success_rate,9.090804876765723e-06,-3.887939186819622e-05,0.00017666796570725563,4.9593300191497214e-05,-0.000342899441503397,15000
fold_2,purchase_count,0.0002936933377837292,0.0003111819153109874,0.00023450904586996835,0.0003059446221906348,0.000393092077872359,15000
fold_2,purchase_unique_transactions,0.0004488181113860845,0.00060055490859795,2.5940980493244226e-05,0.0018373008894899678,-6.157714418925098e-05,15000
fold_2,purchase_active_days,-7.966127838543446e-05,-0.00018237627384248833,0.00022086154133493796,-0.0008177397441149759,4.9749381252461866e-05,15000
fold_2,purchase_amount_sum,0.0011791392793610855,0.0016869288459633314,-0.00031067000794771094,0.004769639295709616,0.0006018172501280894,15000
fold_2,purchase_amount_mean,0.0010932157871113013,0.0012841955297406282,0.0004957937276199864,0.0019186430348890338,0.0014381498267128645,15000
fold_2,purchase_amount_std,0.0006042706668906161,0.00042306258247154505,0.001190187932217257,9.078145547464223e-05,-1.1781640277208627e-05,15000
fold_2,purchase_amount_max,-7.957347815312765e-05,-3.21428406986346e-05,-0.00021457372096778116,0.0003146151652861917,-0.00019646996641431436,15000
fold_2,purchase_first_day,0.0,0.0,0.0,0.0,0.0,15000
fold_2,purchase_last_day,0.0006207365069262893,0.0008192250827355196,3.3663399423455864e-05,0.00195736323052792,0.00046664861825529425,15000
fold_2,purchase_type_nunique,0.0006129830191455854,0.0006330208877418642,0.0006272277341461407,0.0017879639613375686,-0.0005161290322580614,15000
fold_2,purchase_last_type,0.000799618314499928,0.0008859106043135889,0.0005522258076302577,0.0014915732224637934,0.0006139327828468266,15000
fold_2,purchase_count_d1,0.0008110920713721992,0.0008128195604222843,0.0008545935845856167,0.0015104797695829064,7.338532709849632e-05,15000
fold_2,purchase_spend_d1,0.001333820975275013,0.001944408577222223,-0.0005362974361741157,0.004537605100491393,0.0018319180673494473,15000
fold_2,purchase_count_d3,0.0008569797282325098,0.0009543642390419382,0.0005953678899187631,0.0018866202631402373,0.00038110456406670323,15000
fold_2,purchase_spend_d3,0.0005763514148648952,0.0009210645055692801,-0.0003887584585370307,0.003668081007502988,-0.0005161290322580614,15000
fold_2,purchase_count_d7,5.262623958235402e-05,4.394170313942736e-05,8.223180922661832e-05,4.9593300191497214e-05,0.0,15000
fold_2,purchase_spend_d7,0.0007485980125900848,0.001046128335040697,-0.00019457780188414375,0.0018585033885916702,0.0014744594184145088,15000
fold_2,purchase_count_d14,-2.6291931987443284e-05,-1.527522506011847e-05,-4.414042641331939e-05,0.0002563792673621057,-0.0002580645161290307,15000
fold_2,purchase_spend_d14,0.0004449708363861715,0.0003387411010706831,0.0008794958789551943,0.0014320287415475752,-0.0012953013172907202,15000
fold_2,purchase_span_days,0.0003341710776600948,0.0004455494034810159,0.0,0.0010170557333017416,0.00031959247714136163,15000
fold_2,attempts_per_purchase,0.0003785090732764118,0.0003927880186980204,0.00031674012212512537,0.00019826749568579993,0.0006633564382831358,15000
fold_2,failures_per_purchase,0.00026668768989090985,0.00029572148689460676,0.00020254703511846106,0.0007696852311269708,-8.506780556166715e-05,15000
fold_2,spend_per_attempt,0.0008516870990888936,0.0010414073448445915,0.00031674012212512537,0.0024998344009175555,0.0003076475114910382,15000
fold_2,purchase_attempt_gap,1.582813460976329e-05,2.8449172554845248e-05,0.0,0.0004050224809272751,-0.00031967496326268385,15000
fold_2,activity_days_total,0.0,0.0,0.0,0.0,0.0,15000
fold_3,subscription_plan,0.0003102558548490064,0.0012913798481565264,-0.0027126341067692517,0.007659465384343367,-0.001072691733104647,15000
fold_3,country_code,0.018775910895881376,0.011541888987998794,0.04058820009378139,-0.02745311962703062,0.021490586497245445,15000
fold_3,signup_weekday,0.0003018753461551116,0.0007282608623975229,-0.0009813149956201528,0.0029855217333016326,0.00018057584951097772,15000
fold_3,signup_hour,-0.0001658691191392947,-0.00023846984336178823,5.5366332148865105e-05,-0.0006687236770537841,-0.00010205218518072323,15000
fold_3,signup_is_weekend,0.0006645976106924856,0.0011270964957904583,-0.0007698831429037156,0.004287787919276254,-0.000136615289001496,15000
fold_3,quiz_rows,0.0,0.0,0.0,0.0,0.0,15000
fold_3,quiz_missing_answers,-0.0010314266761557445,-0.0011393489504585852,-0.0006528790977037291,-0.0026093342481881554,-0.00015583350548409314,15000
fold_3,quiz_answered,-0.0006849306370976249,-0.0007938212096291197,-0.000391962582541594,-0.0007896695851716262,-0.0011998314611744165,15000
fold_3,quiz_source,0.0062961339839447406,0.00582567678589041,0.007303216086274822,0.010167624656888585,6.189614507712271e-06,15000
fold_3,quiz_flow_type,0.0,0.0,0.0,0.0,0.0,15000
fold_3,quiz_team_size,-9.034080537762001e-06,0.00037314654243081335,-0.0012499809531548722,0.003914029433540911,-0.0015446088530935986,15000
fold_3,quiz_experience,0.0029951358119665317,0.0025535917280067877,0.004207396433356103,0.0021643182558552243,0.0012890604948088136,15000
fold_3,quiz_usage_plan,-0.0006658013598267454,-0.0008821125110898276,-0.00011411976259034784,-0.00036737701915828813,-0.002164840751520958,15000
fold_3,quiz_frustration,0.0027307904015158035,0.002560913677396026,0.003267920656682688,0.0012287676359709065,0.003186052739534262,15000
fold_3,quiz_first_feature,0.001589507847028715,0.0017138432607475274,0.0010706514273497447,0.00479044417218194,-0.0007195658172891584,15000
fold_3,quiz_role,0.00041190998734208506,0.0004712823880970163,0.00019010843614264417,0.0015064370445314057,-0.00028269831638316756,15000
fold_3,quiz_cost_concern,0.0013713212041078782,0.0016148237411572341,0.000526158143776212,0.004781990822725957,-0.0004636777430305772,15000
fold_3,attempt_count,0.00022963004715759183,0.00019730120751282332,0.00031576460236637516,0.00021266863457830576,6.347038559356699e-05,15000
fold_3,attempt_unique_transactions,-5.6696680380219355e-05,-4.8439092858620914e-05,-8.183015942442307e-05,0.0,-6.34871191515507e-05,15000
fold_3,attempt_active_days,-9.316755436150626e-05,-5.328125873749201e-05,-0.00014284101825889906,-0.0010183129097053878,0.0010013101517516998,15000
fold_3,attempt_success_count,-5.778726466665329e-05,-0.0001535944532253808,0.00021914125346678137,-0.00047023894789260945,-0.0002096856652504253,15000
fold_3,attempt_failure_count,0.0,0.0,0.0,0.0,0.0,15000
fold_3,attempt_failure_rate,-0.0007523840185366115,-0.0007770526162674263,-0.0006543667597943559,-0.0013051225052892468,-0.0003716685837187872,15000
fold_3,attempt_amount_sum,0.0008674912560209247,0.0013587662948018053,-0.0005378346231763587,0.0027368212211928977,0.001877312286388766,15000
fold_3,attempt_amount_mean,-0.00047268876204442645,-0.0002977013223608438,-0.0010036526999664952,0.0007013229598656356,-0.0005907742269817828,15000
fold_3,attempt_amount_std,-0.0005325682391014164,-0.0006138224458245856,-0.0001751239634125712,-0.002931436168915169,0.0012650927948537616,15000
fold_3,attempt_amount_max,0.00023483790505751667,0.0003961047736202872,-0.00023236772863244326,0.0009469371839455065,0.0004737448655475207,15000
fold_3,attempt_first_day,0.0,0.0,0.0,0.0,0.0,15000
fold_3,attempt_last_day,0.0015131836769446405,0.001983991036007271,5.6298879941296676e-05,0.005145205653288909,0.0007504685747915518,15000
fold_3,attempt_night_rate,-7.391685678559412e-05,0.00013312430831841082,-0.0006543667597943559,0.0005165450577593322,0.0005371946269899786,15000
fold_3,attempt_weekend_rate,0.001138104913668836,0.0014663673956915035,0.00010580355864520108,0.003946503509852151,0.0003467951185769924,15000
fold_3,attempt_distinct_failures,-0.0010226490907472296,-0.0012693969747773481,-0.0002720656938658417,-0.0027094850513684765,-0.0008266401790980593,15000
fold_3,attempt_distinct_cards,-8.939198904045487e-05,-0.00010195905548859852,-3.80353608153694e-05,-0.00039476584989461827,0.00012692404424397008,15000
fold_3,attempt_distinct_banks,-0.0003461341566154408,-0.00034163155341560003,-0.0003596044351213967,-0.0003191344444021249,-0.000346155780723445,15000
fold_3,attempt_distinct_card_countries,9.855498003463747e-05,8.739763077636464e-05,0.00012565964035893273,0.00013653325196982813,0.0,15000
fold_3,attempt_count_d1,-1.4511141670059402e-05,3.772066009510855e-05,-0.00020742238364335197,0.0009113585909101829,-0.0005907742269817828,15000
fold_3,attempt_failures_d1,3.194391552296949e-05,6.794824419914525e-05,-8.183015942442307e-05,0.00034916201117318746,-6.34871191515507e-05,15000
fold_3,attempt_count_d3,0.00017981583367487897,0.00017636170414181418,0.00015789176314540132,0.0006983240223463749,-0.00032713067306666677,15000
fold_3,attempt_failures_d3,-7.781932514827616e-06,2.4972037142023673e-06,-3.80353608153694e-05,4.552697195780997e-05,0.0,15000
fold_3,attempt_count_d7,0.00011339639548813008,9.687126436963567e-05,0.0001636897488648259,0.0,0.00012692404424397008,15000
fold_3,attempt_failures_d7,-0.00028101101091115854,-0.00020873875731625136,-0.0004908338769956666,4.552697195780997e-05,-0.00018090936691111947,15000
fold_3,attempt_count_d14,0.0003345869373415633,0.00035649210919497243,0.0002223096704563332,0.0012473212793755462,-0.0004001546222470176,15000
fold_3,attempt_failures_d14,-0.00064074941120984,-0.0006643603853651037,-0.000566940629194268,-0.0008353662999194822,-0.0005907742269817828,15000
fold_3,failure_card_declined_count,5.669769113325618e-05,4.8436784811867195e-05,8.183996884181255e-05,0.0,6.347038559356699e-05,15000
fold_3,failure_insufficient_funds_count,0.0,0.0,0.0,0.0,0.0,15000
fold_3,failure_incorrect_cvc_count,0.0,0.0,0.0,0.0,0.0,15000
fold_3,failure_expired_card_count,0.0,0.0,0.0,0.0,0.0,15000
fold_3,failure_authentication_required_count,5.31706767715745e-05,4.245564693328152e-05,8.183996884181255e-05,4.552697195780997e-05,0.0,15000
fold_3,failure_do_not_honor_count,0.0,0.0,0.0,0.0,0.0,15000
fold_3,failure_processing_error_count,0.0,0.0,0.0,0.0,0.0,15000
fold_3,failure_generic_decline_count,0.0,0.0,0.0,0.0,0.0,15000
fold_3,is_3d_secure_rate,0.0015445993327679597,0.0013453545083418894,0.002080759652140718,0.001351349044465433,0.0006039548284192953,15000
fold_3,is_3d_secure_authenticated_rate,0.000636717715522428,0.0005957708843409293,0.0007690102038836466,0.00022747603553668894,0.0007908264136022303,15000
fold_3,is_prepaid_rate,0.0006127791583457887,0.0007970164516052924,0.00010250614823281712,0.0010338125561589195,0.0012547306504239741,15000
fold_3,is_virtual_rate,0.0010807851251866119,0.0012189559549554696,0.0006864927947753952,0.0015905728690167598,0.0013798022010740874,15000
fold_3,is_business_rate,0.007189912550239652,0.007587505087958302,0.006163729281168706,0.00684466254227567,0.009754123440430307,15000
fold_3,attempt_last_billing_address_country,0.002474113441477299,-0.00021971981167145938,0.010180339615866507,-0.007781623504786117,-0.0030578755460949902,15000
fold_3,attempt_last_card_3d_secure_support,0.0011924481914709073,-0.0005334507347592443,0.006524710010244239,-0.011981043544440795,0.0038559813299185453,15000
fold_3,attempt_last_card_brand,-0.0009815035454517895,-0.0012326879845879768,-7.929969781328428e-05,-0.005007571251404441,0.0013888069954535176,15000
fold_3,attempt_last_card_country,0.026110881755267823,0.018464179783895474,0.04791010712797794,-0.0017367556114918914,0.009219187835200204,15000
fold_3,attempt_last_card_funding,0.013205196681333686,0.015847609073417535,0.006342619276063721,0.011621611853635638,0.029578596090553078,15000
fold_3,attempt_last_cvc_check,0.003184575451508631,0.0031498846008199965,0.003658818407641151,-0.0032160675102063663,0.009006902905025094,15000
fold_3,attempt_last_digital_wallet,0.0007802980620197353,0.0008344634320371358,0.0005934651174216432,0.001519461801200106,0.00039046337748943616,15000
fold_3,attempt_last_payment_method_type,0.0,0.0,0.0,0.0,0.0,15000
fold_3,attempt_last_bank_name,0.013158632383214408,0.019578412597923034,-0.004378780513361491,0.023765306414413323,0.0393487118927171,15000
fold_3,attempt_last_bank_country,0.002757369145165778,0.0031819265174670153,0.0012287022231314282,0.00962487507331844,-0.0013077977440488775,15000
fold_3,attempt_last_failure_code,0.0010234075344017768,0.0009155957443099938,0.0014823974153517216,-0.0019040402079318897,0.003168430025509983,15000
fold_3,attempt_span_days,0.001702272897721624,0.002055847653624876,0.0005465361964931414,0.005459970288683169,0.0001610364756979843,15000
fold_3,attempt_success_rate,0.0,0.0,0.0,0.0,0.0,15000
fold_3,purchase_count,5.669769113325618e-05,4.8436784811867195e-05,8.183996884181255e-05,0.0,6.347038559356699e-05,15000
fold_3,purchase_unique_transactions,0.0,0.0,0.0,0.0,0.0,15000
fold_3,purchase_active_days,0.0,0.0,0.0,0.0,0.0,15000
fold_3,purchase_amount_sum,0.0017457338681108325,0.0030200325364904135,-0.0021551642999190213,0.010868466790813158,0.0003467951185769924,15000
fold_3,purchase_amount_mean,3.677043262273472e-05,0.0005555055325259239,-0.0014173223236816357,0.0015127082212808562,0.0015711306999782737,15000
fold_3,purchase_amount_std,0.0003026418695696309,0.0002143741407515387,0.0005468089833952083,0.00010600213026551453,-9.688691406273264e-06,15000
fold_3,purchase_amount_max,-0.0007265700232254035,-0.000433906098050274,-0.0015424420697042196,3.076155310788309e-05,0.00020996222244545892,15000
fold_3,purchase_first_day,0.0,0.0,0.0,0.0,0.0,15000
fold_3,purchase_last_day,0.0013880504345578082,0.0016328569303156737,0.0006485826538119577,0.0029745222586647913,0.0012754658784701056,15000
fold_3,purchase_type_nunique,0.0,0.0,0.0,0.0,0.0,15000
fold_3,purchase_last_type,-0.00014662816842969661,5.320404967701364e-06,-0.000593678568488909,0.0006386752577168253,-2.903547432492326e-05,15000
fold_3,purchase_count_d1,-5.540767832179494e-05,0.0002849635343727952,-0.001090869689724383,0.002272890965909158,-0.00032713067306666677,15000
fold_3,purchase_spend_d1,0.0016404696623536497,0.002667608498729823,-0.00148870141149815,0.008741058332895901,0.0007504685747915518,15000
fold_3,purchase_count_d3,0.0006820741116995155,0.000824720217542374,0.0002281164555189008,0.0019922629899503663,0.0002537812071577994,15000
fold_3,purchase_spend_d3,-0.0007724216753374202,-0.00022395729954827193,-0.0024223402036068764,0.002668494220817663,-0.0009180259158559356,15000
fold_3,purchase_count_d7,0.00043682427015223624,0.0006123616220518047,-6.106842607289664e-05,0.0010338125561589195,0.0008643407360691691,15000
fold_3,purchase_spend_d7,0.0016656504696260788,0.002174387257069199,6.20675318770969e-05,0.006080522697739066,0.00038057154159126805,15000
fold_3,purchase_count_d14,0.0,0.0,0.0,0.0,0.0,15000
fold_3,purchase_spend_d14,0.0009354398172960465,0.0016655330762610498,-0.0012934429485246257,0.0060604373075542894,0.00022960486975326377,15000
fold_3,purchase_span_days,0.0011065950921149703,0.001395206659204451,0.0002607361348023751,0.0025435431356569116,0.0013813407071538997,15000
fold_3,attempts_per_purchase,-7.0699954525244024e-06,-1.1984308434798141e-05,0.0,9.103805317500768e-05,-0.00012699097847956864,15000
fold_3,failures_per_purchase,0.00021334014426144243,0.0002897931336380277,-1.1533655319362346e-05,0.00060746628629188,0.0002734467699413434,15000
fold_3,spend_per_attempt,-0.0007247653324543579,-0.000752827467798145,-0.0006924230937629394,-3.0319390325994622e-05,-0.001535739919305723,15000
fold_3,purchase_attempt_gap,-7.595918997027606e-05,3.807258959231952e-05,-0.00036530765343167904,-0.00025800208644105593,0.0007375275086495825,15000
fold_3,activity_days_total,-0.0001372544272509879,-0.0001074056842327864,-0.0002131515864540745,-0.000182266961807398,7.320149556289124e-05,15000
