class,feature,mean_abs_shap_mean,mean_abs_shap_std,mean_abs_shap_min,mean_abs_shap_max,stability_cv
invol_churn,activity_days_total,0.0002604219403610174,0.0002368233722125737,0.0,0.00046288676414178227,0.909383333386851
invol_churn,attempt_active_days,0.0008364221697699436,0.0005287542648749426,0.00047625646655660145,0.001443461192774886,0.6321619440340462
invol_churn,attempt_amount_max,0.003059123332435323,0.0020118647652622172,0.001085031558094372,0.005106745046014803,0.6576605604392554
invol_churn,attempt_amount_mean,0.004834874713825948,0.0029949807364285856,0.002954277599290554,0.008288622192631375,0.6194536391737415
invol_churn,attempt_amount_std,0.001815952956594492,0.0006962418393240482,0.0010233702804223854,0.0023289157346272175,0.38340301536760635
invol_churn,attempt_amount_sum,0.0029834094938366667,0.0015066388108229164,0.0019202942198680783,0.004707569303370094,0.5050057036874874
invol_churn,attempt_count,0.00018443685742859607,0.0002116221779201619,0.0,0.0004154761433800919,1.1473963548857935
invol_churn,attempt_count_d1,0.0011609323454454307,0.0005831454666798405,0.000760970009256977,0.0018300416757003346,0.5023078812194669
invol_churn,attempt_count_d14,0.00042312052365556696,0.00042936319068606957,0.0,0.0008584653165890577,1.0147538743253786
invol_churn,attempt_count_d3,0.0009243254942022444,0.0003218603859467047,0.0006377482944181425,0.0012725512538889234,0.3482110879398518
invol_churn,attempt_count_d7,0.0006277068800680006,0.0006334180003383074,0.00018988040187606787,0.0013540147825159938,1.009098387243562
invol_churn,attempt_distinct_banks,0.002609893379844344,0.0012001723128285007,0.0012411933895206508,0.003482415723787976,0.4598549205485474
invol_churn,attempt_distinct_card_countries,0.0004790685496402756,0.0003952999416965701,0.00023846500894440356,0.0009352936684752871,0.8251427525213126
invol_churn,attempt_distinct_cards,0.0001569843733298555,0.00018719923310190497,5.001740063792677e-07,0.0003643700922513514,1.1924704932800034
invol_churn,attempt_distinct_failures,0.002265059151671331,0.0027395058935267675,0.0,0.0053099231177851074,1.2094632899566238
invol_churn,attempt_failure_count,0.0005637306070717621,0.000976410053229939,0.0,0.0016911918212152864,1.7320508075688772
invol_churn,attempt_failure_rate,0.0021670908773318703,0.001971954111789962,0.0,0.0038559386091076824,0.9099545074075706
invol_churn,attempt_failures_d1,0.0003377370716572252,0.0003294722179472852,0.0,0.0006582703536215339,0.9755287340255969
invol_churn,attempt_failures_d14,0.0011554596060547291,0.0006760354182660388,0.0006314398407399599,0.0019185446835878217,0.5850792314361684
invol_churn,attempt_failures_d3,0.00022238363476108345,0.0002914491966776933,2.0431955777605276e-05,0.0005564995046227451,1.310569444513352
invol_churn,attempt_failures_d7,0.0008322875597967634,0.0007557389758993793,0.0,0.0014756195063084269,0.908026278902839
invol_churn,attempt_first_day,1.1668102042547361e-05,1.5597191555158552e-05,0.0,2.9383395862949245e-05,1.3367376714982344
invol_churn,attempt_last_bank_country,0.01226812094533298,0.0016285902599066685,0.01077013112753761,0.014001659461187164,0.13274977212595987
invol_churn,attempt_last_bank_name,0.16413132568885266,0.010682962494610123,0.15364371137744587,0.17499946811217906,0.06508789501196163
invol_churn,attempt_last_billing_address_country,0.02003446838730874,0.0038412593519863737,0.015853786435213933,0.02340804637217187,0.1917325320406156
invol_churn,attempt_last_card_3d_secure_support,0.047084107856037755,0.0042340584639023295,0.04419721213050282,0.051944663542412645,0.08992542615118027
invol_churn,attempt_last_card_brand,0.020957059565161622,0.00344929390028082,0.0169743710075621,0.022984073163955558,0.16458863847554364
invol_churn,attempt_last_card_country,0.10232672754360612,0.006728826435945672,0.09525390936414802,0.10864855176493163,0.06575824906623941
invol_churn,attempt_last_card_funding,0.06458819994848869,0.015837474582757763,0.053113307214498494,0.08265734241606389,0.24520693556080977
invol_churn,attempt_last_cvc_check,0.046177903229235186,0.01384171134965616,0.035159282868704476,0.06171395151818144,0.2997475065280354
invol_churn,attempt_last_day,0.0033763134216311178,0.000811996451730787,0.0026278502728201676,0.0042396159763425055,0.2404979485993651
invol_churn,attempt_last_digital_wallet,0.008278213754138916,0.004243210521917547,0.003391282103850088,0.011027064283166417,0.512575616907215
invol_churn,attempt_last_failure_code,0.014777024672786724,0.0029437711386454263,0.013002822064749188,0.01817509040226962,0.1992127105307374
invol_churn,attempt_last_payment_method_type,0.0,0.0,0.0,0.0,
invol_churn,attempt_night_rate,0.0008045690234930042,0.0006968949017730081,0.0,0.0012196605233259399,0.8661716787796115
invol_churn,attempt_span_days,0.0019416047738227825,0.0016619614538363019,0.0009736379703402578,0.003860647782184809,0.8559730982552659
invol_churn,attempt_success_count,0.0009700010724583589,4.2927440239821815e-05,0.0009206006893959047,0.0009982320911597492,0.044255044101164785
invol_churn,attempt_success_rate,0.0005358559041866489,0.0009281296515870361,0.0,0.0016075677125599467,1.7320508075688774
invol_churn,attempt_unique_transactions,0.0001812012523535614,0.00013206419436374202,8.585627620962716e-05,0.00033194145154801674,0.7288260574825237
invol_churn,attempt_weekend_rate,0.0020979246569706616,0.00010918662333313948,0.001977744925515884,0.0021910197166148575,0.05204506414010196
invol_churn,attempts_per_purchase,0.0007594157861447702,0.0011101717828235756,0.0,0.002033521317403475,1.4618760935421737
invol_churn,country_code,0.1783382862472751,0.005789907464285649,0.17188971195648894,0.18309062629003445,0.03246586914184904
invol_churn,failure_authentication_required_count,7.709149063710226e-07,1.3352637861468152e-06,0.0,2.312744719113068e-06,1.7320508075688774
invol_churn,failure_card_declined_count,0.00031374619071010244,0.0003415133870573458,7.506494555200404e-05,0.0007049412613798814,1.0885020987327299
invol_churn,failure_do_not_honor_count,0.0,0.0,0.0,0.0,
invol_churn,failure_expired_card_count,2.2346439140508686e-06,2.5282176104389777e-06,0.0,4.97882149428948e-06,1.1313738151041395
invol_churn,failure_generic_decline_count,0.0,0.0,0.0,0.0,
invol_churn,failure_incorrect_cvc_count,0.0,0.0,0.0,0.0,
invol_churn,failure_insufficient_funds_count,0.0,0.0,0.0,0.0,
invol_churn,failure_processing_error_count,7.3394689463903505e-06,1.2712333115722103e-05,0.0,2.201840683917105e-05,1.7320508075688772
invol_churn,failures_per_purchase,0.0022022192973980828,0.0014498484129646294,0.0012320037933224524,0.0038688818840984743,0.6583578732043726
invol_churn,is_3d_secure_authenticated_rate,0.012695330773615324,0.0035346521666321604,0.009122425042067962,0.01619044522501222,0.2784214314429853
invol_churn,is_3d_secure_rate,0.016610440273981047,0.008404702960439256,0.007387343568593102,0.023837308344321965,0.5059891743871814
invol_churn,is_business_rate,0.05685633974124244,0.005788913684463589,0.052653281871669746,0.06345922958745737,0.1018165029759105
invol_churn,is_prepaid_rate,0.002670739448681453,0.0010543846636216258,0.001648731117816106,0.00375476302705915,0.39479128678844977
invol_churn,is_virtual_rate,0.009852301852939487,0.0004409159142173607,0.009592172280157227,0.010361386820103647,0.0447525787170042
invol_churn,purchase_active_days,0.0001414921184941515,0.0002138513797886518,0.0,0.00038750197303431664,1.511401356235197
invol_churn,purchase_amount_max,0.001957367096599305,0.0010267607596561726,0.001120880785657829,0.003103247281278536,0.5245621842934054
invol_churn,purchase_amount_mean,0.003176954486451377,0.00023826335452998643,0.0030065362605900953,0.0034492134519149772,0.07499740885369874
invol_churn,purchase_amount_std,0.0026551085447955786,0.00034362754457259963,0.00232361392572648,0.0030097033524209655,0.12942127930933842
invol_churn,purchase_amount_sum,0.0029974906386814825,0.001086090874033274,0.0019620864805513535,0.0041280116621775186,0.36233336645582215
invol_churn,purchase_attempt_gap,0.0007796041154057191,0.0004262121680546416,0.0004583375304391019,0.001263111451806704,0.5467033326688298
invol_churn,purchase_count,0.00014518302391370704,0.00023375961886168664,0.0,0.00041484045526256244,1.6101029759555578
invol_churn,purchase_count_d1,0.0015885738070961326,0.0007790047969640297,0.00101130467680762,0.0024746351352037898,0.4903799832807442
invol_churn,purchase_count_d14,0.00046293200984543083,0.00042626285798331304,0.0,0.0008392099265415031,0.9207893360531251
invol_churn,purchase_count_d3,0.0002590418309588054,0.00021995273721998326,7.751045704931683e-06,0.0004166076331293501,0.8491012297352146
invol_churn,purchase_count_d7,0.001266251978122097,0.0008344422132072168,0.0003467564187861562,0.001975378474711284,0.6589859108806515
invol_churn,purchase_first_day,2.5234560911331507e-05,2.2466520243919292e-05,8.533258311405832e-06,5.077661705411398e-05,0.8903075556916374
invol_churn,purchase_last_day,0.0017155538918411874,0.0006078907983475773,0.0010832404846690352,0.002295653845101153,0.3543408348980337
invol_churn,purchase_last_type,0.0067813829252651526,0.004249829506938649,0.0034288960369166315,0.011561120301386896,0.6266906844480369
invol_churn,purchase_span_days,0.0015664734093954458,0.0016149115015874392,8.668736647303019e-05,0.0032890230892772903,1.0309217455601032
invol_churn,purchase_spend_d1,0.003965736277443641,0.0003298406531472738,0.0035953572814919816,0.004227798436274946,0.08317261413053237
invol_churn,purchase_spend_d14,0.0029140397135222758,0.0012029675087190303,0.0021052349282798333,0.0042964538348872604,0.41281781546654767
invol_churn,purchase_spend_d3,0.0037810158162555306,0.0011846337659394597,0.0024437723658454033,0.004699021031602422,0.31331097871805336
invol_churn,purchase_spend_d7,0.0036118719005793607,0.0014202477625301637,0.0019768046048075105,0.0045390409017731165,0.39321653746976726
invol_churn,purchase_type_nunique,0.00048641368297380505,0.0005645750021548838,0.0,0.0011055144321262629,1.160688981245801
invol_churn,purchase_unique_transactions,0.00010900740209824715,0.00018880635883525428,0.0,0.00032702220629474144,1.7320508075688772
invol_churn,quiz_answered,0.001015155902225216,0.000894776850633538,0.0,0.0016892255440093215,0.8814181631335564
invol_churn,quiz_cost_concern,0.001788240715411319,0.0002825583669673964,0.0014863203308504815,0.002046309692500729,0.1580091340792474
invol_churn,quiz_experience,0.012968252350665356,0.004432508037915474,0.0079645147298297,0.01640236837752351,0.34179686807899423
invol_churn,quiz_first_feature,0.00735974997584346,0.0020691126130876524,0.00539300630685142,0.009517926692436167,0.28113898160657597
invol_churn,quiz_flow_type,0.0019008150630725786,0.00012307370710384514,0.0017635572141540192,0.0020013399051855415,0.06474785974438894
invol_churn,quiz_frustration,0.026011963247211996,0.0041886366685460665,0.021755596991154022,0.030129414296313196,0.1610273176514276
invol_churn,quiz_missing_answers,0.002732162624181311,0.0025301930869492386,0.001114185885733291,0.005647923528024697,0.9260770440805689
invol_churn,quiz_role,0.0068827342465315675,0.0032556674703765956,0.0034751530343772653,0.00996153881239171,0.47301949396306153
invol_churn,quiz_rows,0.0,0.0,0.0,0.0,
invol_churn,quiz_source,0.010979056176252958,0.004691822807925647,0.005586379149271514,0.014125369270104882,0.42734300040050616
invol_churn,quiz_team_size,0.015922189899588778,0.003394006570321953,0.013220038479918867,0.019731530013077356,0.21316204565614494
invol_churn,quiz_usage_plan,0.011259678802114363,0.002375419827494405,0.009463270037118759,0.013952961461077783,0.2109669262544456
invol_churn,signup_hour,0.013915535853314771,0.00225210449802979,0.011421078796423508,0.01579934718355452,0.16184101868368397
invol_churn,signup_is_weekend,0.002212532272098336,0.0014971409791647225,0.0010304804373844428,0.0038960307092613614,0.6766640188912832
invol_churn,signup_weekday,0.005446458390232307,0.0019596618659148547,0.0035498212483343265,0.0074635848450877946,0.35980479891837924
invol_churn,spend_per_attempt,0.003980157239901025,0.0009844471817200637,0.003111650258559277,0.00504955478597749,0.24733876638113525
invol_churn,subscription_plan,0.014227080873030012,0.008967212385918374,0.008004257444573988,0.0245056572573254,0.630291798152166
not_churned,activity_days_total,0.00041209040384052503,0.00046871798896475813,0.0,0.0009219985312322604,1.137415442331308
not_churned,attempt_active_days,0.0019505506709636376,0.0014074332292835553,0.0005163789028778885,0.0033296273401469735,0.721556866086558
not_churned,attempt_amount_max,0.0039002763198693734,0.0019695006117092457,0.0016418089277843225,0.0052606516146982375,0.5049643794917605
not_churned,attempt_amount_mean,0.007855216279315869,0.003346223811591175,0.005312638801809657,0.011646165436740186,0.4259874830438922
not_churned,attempt_amount_std,0.002508908918907125,0.001917875665212861,0.0013231097405730784,0.004721579263061532,0.7644261817397034
not_churned,attempt_amount_sum,0.005117458252010174,0.003295039130288736,0.002737154068520988,0.008878193325430687,0.6438819757824934
not_churned,attempt_count,0.0002451669735896561,0.0003703680268906414,0.0,0.000671217660652542,1.5106766685081259
not_churned,attempt_count_d1,0.003444140268792834,0.0020630173179982583,0.0019020303957317313,0.005787602057545904,0.5989934082218268
not_churned,attempt_count_d14,0.00037801248963659456,0.00048247395501874787,0.0,0.0009214352063216638,1.2763439522397215
not_churned,attempt_count_d3,0.0017504574587685123,0.0008278237613167873,0.0008216137871944293,0.0024104023242304644,0.4729185260515732
not_churned,attempt_count_d7,0.001400296778172166,0.001959613370996151,0.0001872856079421972,0.003661050678825023,1.3994271796826325
not_churned,attempt_distinct_banks,0.002989515620831289,0.001989234466143678,0.0010210621025340469,0.004998899353824076,0.6654036032735414
not_churned,attempt_distinct_card_countries,0.0006577322964733896,0.0003042421308697515,0.0004787672853592501,0.00100901991617809,0.46256224987130523
not_churned,attempt_distinct_cards,0.0001589448052341865,0.00015659499298875722,3.407159689151796e-07,0.00031345023396886447,0.9852161746213278
not_churned,attempt_distinct_failures,0.0020173120486529712,0.002026898530896902,0.0,0.004053662934463975,1.0047521067701608
not_churned,attempt_failure_count,0.0008552270600436948,0.0014812967200034382,0.0,0.0025656811801310843,1.7320508075688772
not_churned,attempt_failure_rate,0.0021402393253908444,0.002485920308277293,0.0,0.004866961385055249,1.1615151066450577
not_churned,attempt_failures_d1,0.0003074182814038587,0.0003198466455264013,0.0,0.0006383910022583813,1.0404281881538961
not_churned,attempt_failures_d14,0.0006775840590850438,0.0005756413876247559,0.000310760399273692,0.0013410410005151561,0.849549778963302
not_churned,attempt_failures_d3,0.00037971812534053003,0.0005244456377709914,7.386699997316912e-05,0.0009852854269421555,1.381144598511515
not_churned,attempt_failures_d7,0.0006933083618218495,0.0006092014839784357,0.0,0.0011430114857281096,0.878687633851118
not_churned,attempt_first_day,2.177963485859343e-05,3.484788920996387e-05,0.0,6.19715172570979e-05,1.6000217375643555
not_churned,attempt_last_bank_country,0.00948457056576329,0.00017437639721149705,0.00930126185565594,0.009648374525830066,0.01838527068805289
not_churned,attempt_last_bank_name,0.08008428402370249,0.0056369608406374345,0.07493824053492058,0.08610897273168566,0.07038785336420149
not_churned,attempt_last_billing_address_country,0.058998470706582214,0.02613526943686815,0.042216582750203895,0.08911102802269744,0.4429821506195811
not_churned,attempt_last_card_3d_secure_support,0.1487886130576006,0.025612468892555144,0.12705331214661017,0.1770252324952671,0.17213998011151416
not_churned,attempt_last_card_brand,0.017579844560432774,0.0031565227647417336,0.01460509525193003,0.020891167097164518,0.17955350821736887
not_churned,attempt_last_card_country,0.055964028546625126,0.012850900480430734,0.04678887569929057,0.07065150946632459,0.2296278665808396
not_churned,attempt_last_card_funding,0.040067657490997284,0.002316138865299671,0.0376034391182861,0.042199888947961776,0.057805696922014455
not_churned,attempt_last_cvc_check,0.045881646523048124,0.008818666836777964,0.03586372504074533,0.05247168969687014,0.1922046723486265
not_churned,attempt_last_day,0.013433030904765568,0.005136298612218043,0.01005280413776342,0.01934358427559079,0.38236334365879143
not_churned,attempt_last_digital_wallet,0.008762144308757653,0.005588732372168738,0.0035485784040855217,0.014662554053242002,0.6378270175923569
not_churned,attempt_last_failure_code,0.011939466011064048,0.002026003938803234,0.009674552079534268,0.013579185849625633,0.16968966090491647
not_churned,attempt_last_payment_method_type,0.0,0.0,0.0,0.0,
not_churned,attempt_night_rate,0.0006372036242838783,0.0005662346871065765,0.0,0.001082692696551884,0.8886243981159707
not_churned,attempt_span_days,0.006487641750724099,0.004574160716131252,0.0037243880160306186,0.011767507689148351,0.70505753737415
not_churned,attempt_success_count,0.0005781593964883838,0.00010631367100145233,0.0005051245831644444,0.0007001287409508389,0.1838829769907378
not_churned,attempt_success_rate,0.0003023243858673109,0.0005236411966892407,0.0,0.0009069731576019326,1.7320508075688772
not_churned,attempt_unique_transactions,0.00020866407912158874,0.0001527853272247401,7.4604394979301e-05,0.0003750133907388566,0.7322071334362823
not_churned,attempt_weekend_rate,0.00728526750133857,0.0017629102946266002,0.00555844106705929,0.009082171776981814,0.24198291885681467
not_churned,attempts_per_purchase,0.001032609236691168,0.0015957154653718885,0.0,0.0028705024709275236,1.545323640998123
not_churned,country_code,0.10973544365906247,0.015547684379191998,0.09192177449015868,0.12057499203779569,0.1416833418698991
not_churned,failure_authentication_required_count,1.5562145036601802e-06,2.6954425878150147e-06,0.0,4.668643510980541e-06,1.7320508075688772
not_churned,failure_card_declined_count,0.00033012011536945107,0.00028032200113980375,4.2696417808292994e-05,0.0006027549562159456,0.8491515302728033
not_churned,failure_do_not_honor_count,0.0,0.0,0.0,0.0,
not_churned,failure_expired_card_count,1.4405268910982866e-06,1.6000019992352917e-06,0.0,3.162622710138105e-06,1.1107060958892743
not_churned,failure_generic_decline_count,0.0,0.0,0.0,0.0,
not_churned,failure_incorrect_cvc_count,0.0,0.0,0.0,0.0,
not_churned,failure_insufficient_funds_count,0.0,0.0,0.0,0.0,
not_churned,failure_processing_error_count,2.4249194333447826e-06,4.200083662814294e-06,0.0,7.274758300034347e-06,1.732050807568877
not_churned,failures_per_purchase,0.001885099974190657,0.0014774384876311206,0.0009128753740230517,0.003585258805448384,0.7837454288149568
not_churned,is_3d_secure_authenticated_rate,0.006876349944342293,0.0020266266437787396,0.0045430162053503274,0.008197550952898912,0.29472418654990107
not_churned,is_3d_secure_rate,0.00864974571835145,0.0026733122102810783,0.0055677681865399925,0.01034126369635542,0.30906252013967683
not_churned,is_business_rate,0.07071632398361599,0.009781558864270262,0.06431511761200355,0.08197591665670939,0.13832108787974493
not_churned,is_prepaid_rate,0.001456337209713498,0.00035134675990682203,0.00105683950250443,0.0017172884501019258,0.2412537134692464
not_churned,is_virtual_rate,0.0035285241236775733,0.00171328616702921,0.0015714212258398615,0.004757396717508451,0.4855531964575468
not_churned,purchase_active_days,0.00029121221186459504,0.0004539500936244877,0.0,0.0008142666894285354,1.5588291806785937
not_churned,purchase_amount_max,0.004339646385482902,0.0019357591250746683,0.0027592691770868777,0.006498764973170441,0.44606379255927864
not_churned,purchase_amount_mean,0.005228399529139507,0.0012704533887679117,0.004327372223213936,0.006681491936372625,0.2429908773587935
not_churned,purchase_amount_std,0.0031182116950776734,0.00010284856076822381,0.0030400012645655744,0.003234713117420564,0.032983187424567045
not_churned,purchase_amount_sum,0.008452023476385599,0.004661873986250211,0.0030789938678907635,0.01142311460318079,0.5515689821822174
not_churned,purchase_attempt_gap,0.0005090677784455423,0.00021358181999144764,0.00027431147193052353,0.0006919005056030404,0.419554780394131
not_churned,purchase_count,9.179955371796854e-05,0.00013798549471809407,0.0,0.00025048065972980293,1.5031172715939387
not_churned,purchase_count_d1,0.0033923974038449017,0.003815531696398999,0.0010321290080187687,0.007794352818239986,1.1247301663639178
not_churned,purchase_count_d14,0.0003209709313523435,0.00033574565725786053,0.0,0.0006697603860665057,1.0460313519460058
not_churned,purchase_count_d3,0.0008525621767691913,0.0007845445813434532,1.2184874441368931e-05,0.0015657264112408811,0.9202197830503194
not_churned,purchase_count_d7,0.0019744685671364568,0.001960294754118218,9.630855340529105e-05,0.00400768830234546,0.992821454210945
not_churned,purchase_first_day,2.496157186766166e-05,3.129863626919526e-06,2.2692052491916208e-05,2.853210816176305e-05,0.12538728103795188
not_churned,purchase_last_day,0.004744472398739462,0.0016843459113839831,0.003228517859025915,0.006557642790416766,0.35501226897884147
not_churned,purchase_last_type,0.01125462340484961,0.0059932166551720555,0.0070106818585415195,0.018110552985330965,0.5325115234499612
not_churned,purchase_span_days,0.0035570216906921034,0.004479878322068229,0.0002942263045667954,0.008664758619466141,1.2594464447014835
not_churned,purchase_spend_d1,0.015820938727056463,0.0028316918776261925,0.012719083236925272,0.018267605428834,0.17898380914550435
not_churned,purchase_spend_d14,0.006335007865762923,0.0022901935568923706,0.003855797555997764,0.00837155951069169,0.3615139247528879
not_churned,purchase_spend_d3,0.0112449975719133,0.0015007656231933938,0.009601685278233168,0.012543036951916399,0.1334607334146399
not_churned,purchase_spend_d7,0.009904689372024022,0.0029679111903499356,0.007117802986774826,0.013025397755807428,0.2996470741155049
not_churned,purchase_type_nunique,0.0003732616096954469,0.0003697207851619294,0.0,0.0007393367987585212,0.9905138261167373
not_churned,purchase_unique_transactions,0.00019630417579311784,0.00034000880621161265,0.0,0.0005889125273793535,1.7320508075688774
not_churned,quiz_answered,0.002254450440669274,0.002572077538343148,0.0,0.005056092804721072,1.140888924388855
not_churned,quiz_cost_concern,0.004175922476239639,0.0013877159802557636,0.002574557832076007,0.005026395351383541,0.3323136356461729
not_churned,quiz_experience,0.01629524733775774,0.007521880236555399,0.0076989494645436085,0.021668770371743654,0.4615996358107704
not_churned,quiz_first_feature,0.009017220864701038,0.0008316630766766694,0.00806755089778167,0.009615581912437983,0.09223053190726552
not_churned,quiz_flow_type,0.0023932671124296486,4.925442112027021e-05,0.002354765145905197,0.0024487699498541853,0.020580411131069714
not_churned,quiz_frustration,0.028659372419896436,0.015384046128000496,0.011318404782452397,0.04066707159221583,0.5367893582107995
not_churned,quiz_missing_answers,0.003906724299133388,0.0018301459469906732,0.0021693040614222765,0.005817289674481076,0.46846048168708676
not_churned,quiz_role,0.009219460556499555,0.0033006509226278,0.005767061281828102,0.01234387367869007,0.3580091158696807
not_churned,quiz_rows,0.0,0.0,0.0,0.0,
not_churned,quiz_source,0.03198474206797568,0.0032652349402696275,0.029676372576181033,0.035720657228182635,0.10208726815211379
not_churned,quiz_team_size,0.056811366935612055,0.009732802617950329,0.05065004148276029,0.06803180842426554,0.17131787427296255
not_churned,quiz_usage_plan,0.012862724817926621,0.007478539736540436,0.008476165023871081,0.021497831045343613,0.5814117803498126
not_churned,signup_hour,0.012252735669461596,0.005668569580832391,0.008470655714982591,0.01877028453636989,0.46263705785807396
not_churned,signup_is_weekend,0.006892740008845568,0.0014957018872337408,0.005293892953647136,0.008257751907998734,0.2169967074507789
not_churned,signup_weekday,0.012768053770866684,0.0018972138882344988,0.011078080917847103,0.014820274372983059,0.14859068753011037
not_churned,spend_per_attempt,0.004612958113482206,0.00043008056752327176,0.004132332136673256,0.004961522186747164,0.09323313954797972
not_churned,subscription_plan,0.01893934249464313,0.00775497111685873,0.012525173401662159,0.027557841196259696,0.40946358718905757
vol_churn,activity_days_total,0.00033040354146376076,0.00028944182392753724,0.0,0.000539213732020867,0.8760251861867036
vol_churn,attempt_active_days,0.0012883783075234984,0.0010419657719230437,8.945143995579319e-05,0.0019751540802257516,0.8087420952669521
vol_churn,attempt_amount_max,0.003475908339612173,0.0022226946055382475,0.0009095715397108486,0.004787499997521765,0.6394571974778387
vol_churn,attempt_amount_mean,0.005727995012508796,0.002039180032931807,0.004188450143847923,0.008040688833282088,0.35600241070019184
vol_churn,attempt_amount_std,0.002560349030942452,0.0022749992551939547,0.0009216032717370412,0.00515778430080253,0.8885504389050185
vol_churn,attempt_amount_sum,0.004440811276592751,0.0029236836667292363,0.0021161717074848494,0.007723264155648715,0.6583670155360569
vol_churn,attempt_count,0.00021583001143183426,0.00030873617345427427,0.0,0.000569470635314007,1.430459885565
vol_churn,attempt_count_d1,0.0036165405297735724,0.002331235291602253,0.001997899223854116,0.006288563044784863,0.6446036681768389
vol_churn,attempt_count_d14,0.0004544852818708233,0.0005272353051332294,0.0,0.0010325261745137203,1.1600712413896905
vol_churn,attempt_count_d3,0.0016654459172536263,0.0005640527030623427,0.0010203501683518214,0.002065737330944455,0.338679687655354
vol_churn,attempt_count_d7,0.0013405744477744121,0.0016117545249974866,0.0002833739444350999,0.003195635392662756,1.2022864732900742
vol_churn,attempt_distinct_banks,0.0017514231161917723,0.0007511318787916451,0.0011581320737646351,0.002595976844652556,0.4288694558427878
vol_churn,attempt_distinct_card_countries,0.0011319051281918101,0.0007024115867915982,0.0007229935069948416,0.0019429707819321948,0.6205569435962208
vol_churn,attempt_distinct_cards,0.0002964961928732395,0.00034634584536319754,6.649207252563654e-07,0.0006774747784154539,1.168129148664213
vol_churn,attempt_distinct_failures,0.0006689422045720612,0.0007006838004605046,0.0,0.0013975516498729262,1.0474504309512798
vol_churn,attempt_failure_count,0.00030857254535945395,0.0005344633263834262,0.0,0.0009257176360783619,1.7320508075688774
vol_churn,attempt_failure_rate,0.000802129797572808,0.0007057483537843395,0.0,0.0013277803285711965,0.8798430826530663
vol_churn,attempt_failures_d1,0.00032496530678659393,0.0002954473891809122,0.0,0.0005773774982229531,0.9091659417506182
vol_churn,attempt_failures_d14,0.0006042090284038307,0.000220286628408158,0.00035009009772551274,0.0007409574285975061,0.36458678710925624
vol_churn,attempt_failures_d3,0.00027560076792576625,0.0002516881821199485,0.00010043390488385963,0.0005640183812681609,0.9132346909415772
vol_churn,attempt_failures_d7,0.00037944628142906194,0.00033071977939380393,0.0,0.0006064650266370072,0.871585242971033
vol_churn,attempt_first_day,2.1090439166469307e-05,3.170868909861778e-05,0.0,5.75554580578949e-05,1.5034627230062583
vol_churn,attempt_last_bank_country,0.009692712374098246,0.0007170574092302196,0.008881037359479961,0.010240179966895106,0.07397902481315818
vol_churn,attempt_last_bank_name,0.09473553235708936,0.009285711103279625,0.08434977731816554,0.10223633099677439,0.0980171945229455
vol_churn,attempt_last_billing_address_country,0.05042380284182262,0.031739466279066646,0.0313190867490669,0.08706215518306455,0.6294540373845272
vol_churn,attempt_last_card_3d_secure_support,0.13865882681594133,0.03200926648867907,0.10634115480143146,0.17035050537744878,0.23084910801364886
vol_churn,attempt_last_card_brand,0.014110668418623953,0.008197339699661316,0.008810732031014885,0.023552498203120432,0.5809320619313869
vol_churn,attempt_last_card_country,0.09532640759100856,0.003596885945854154,0.09134676723297906,0.09834551658908251,0.03773231402243067
vol_churn,attempt_last_card_funding,0.031172880373951287,0.011810616550778898,0.023350044124987732,0.044758650573686415,0.3788747272981581
vol_churn,attempt_last_cvc_check,0.01152555249111762,0.0012057805397773674,0.010769192361545544,0.012916079446006593,0.10461802509741935
vol_churn,attempt_last_day,0.010574374296472594,0.005021842541450365,0.007236705785508305,0.016349773928800545,0.47490682669759043
vol_churn,attempt_last_digital_wallet,0.006852174753604505,0.0026165764779209695,0.00414066640236147,0.009362166474388959,0.3818607335641215
vol_churn,attempt_last_failure_code,0.00679079133067157,0.000790028536819052,0.0063294293825082,0.00770301757366694,0.11633821425947465
vol_churn,attempt_last_payment_method_type,0.0,0.0,0.0,0.0,
vol_churn,attempt_night_rate,0.0006891440706053107,0.0006031214286529639,0.0,0.0011206976853518293,0.8751746614074635
vol_churn,attempt_span_days,0.004835130807949668,0.002908333352550649,0.0031410577152781627,0.008193340418228506,0.6015004491230972
vol_churn,attempt_success_count,0.0008783188923450966,8.686012873462397e-05,0.0008256921981992027,0.0009785748202578502,0.09889361311893098
vol_churn,attempt_success_rate,0.0004152302671807722,0.0007191999195974971,0.0,0.0012456908015423165,1.7320508075688772
vol_churn,attempt_unique_transactions,0.00020487916453176003,0.00013313161285251766,6.172125281010919e-05,0.00032496982593191546,0.6498055239378908
vol_churn,attempt_weekend_rate,0.007411384904498147,0.0008845891640230927,0.006423100303492197,0.008129062771898107,0.11935544779036025
vol_churn,attempts_per_purchase,0.00038493202221634974,0.0004740309810973696,0.0,0.000914408233087764,1.2314667363032272
vol_churn,country_code,0.138787175047447,0.0014125871286117552,0.13726291412229516,0.1400521711679884,0.010178081138468563
vol_churn,failure_authentication_required_count,2.2850439744044453e-06,3.957812261197616e-06,0.0,6.855131923213336e-06,1.7320508075688772
vol_churn,failure_card_declined_count,0.0003632691273543224,0.00024698513784683157,0.00011102548412212543,0.0006046364115879551,0.6798957556498582
vol_churn,failure_do_not_honor_count,0.0,0.0,0.0,0.0,
vol_churn,failure_expired_card_count,1.1072617043936786e-06,9.81405233074756e-07,0.0,1.8697821685723503e-06,0.8863353886262689
vol_churn,failure_generic_decline_count,0.0,0.0,0.0,0.0,
vol_churn,failure_incorrect_cvc_count,0.0,0.0,0.0,0.0,
vol_churn,failure_insufficient_funds_count,0.0,0.0,0.0,0.0,
vol_churn,failure_processing_error_count,7.864176331521334e-06,1.3621152965875576e-05,0.0,2.3592528994564e-05,1.732050807568877
vol_churn,failures_per_purchase,0.0007373097667439975,0.00019276669733299872,0.0006259121161406724,0.0009598975436893101,0.2614460109273577
vol_churn,is_3d_secure_authenticated_rate,0.005976941841226063,0.0018660657951605957,0.004638503769371747,0.008108569574380683,0.3122108002271954
vol_churn,is_3d_secure_rate,0.008310929118962926,0.005875009994377894,0.002236266975154091,0.013963523526168786,0.706901708615583
vol_churn,is_business_rate,0.014874363135124706,0.004113966408990907,0.010804925426330401,0.019031457348639036,0.27658101201496693
vol_churn,is_prepaid_rate,0.0013922280362142498,0.0006134972729273952,0.0009405042876890982,0.002090676564068672,0.44065861121114797
vol_churn,is_virtual_rate,0.006655007862739398,0.0018928264622567012,0.005410189751158362,0.008833248823984065,0.28442137128859196
vol_churn,purchase_active_days,0.00017279726238509808,0.00026778879938876615,0.0,0.0004812694639597134,1.549728252013442
vol_churn,purchase_amount_max,0.0038357025027123026,0.001961504212965563,0.0020085233515172505,0.005908412882868288,0.5113806953429114
vol_churn,purchase_amount_mean,0.004668853677900616,0.0011505006797859452,0.003576143781010184,0.005869533182752054,0.24642037621176346
vol_churn,purchase_amount_std,0.0013912396020429154,0.00032179564718235826,0.0010650555987410373,0.001708459587973099,0.23130138526090624
vol_churn,purchase_amount_sum,0.007139059213785867,0.004483721066142596,0.0020719055014446538,0.010592809716938876,0.6280548923707363
vol_churn,purchase_attempt_gap,0.0006807006648880805,0.00019553121096189534,0.00045939810844727305,0.000830099050675342,0.2872499191609343
vol_churn,purchase_count,8.201487000347701e-05,0.00013650833966606153,0.0,0.00023959716345299317,1.6644340186148472
vol_churn,purchase_count_d1,0.004462068178427971,0.004884577875485575,0.000868811867132383,0.010023730574648351,1.0946892069243233
vol_churn,purchase_count_d14,0.00019786326180182975,0.00017245543004582478,0.0,0.00031624926429747345,0.8715889371041896
vol_churn,purchase_count_d3,0.0008746680870931996,0.0008231371170318089,4.433828736437332e-06,0.0016408048004688451,0.9410851146602999
vol_churn,purchase_count_d7,0.0028619063801621713,0.0021762976096844785,0.00041405376350147813,0.004578056683487605,0.7604363387879787
vol_churn,purchase_first_day,2.7012666282742942e-05,1.998869548989321e-05,7.767267534632442e-06,4.7669807992383043e-05,0.7399749169767444
vol_churn,purchase_last_day,0.0033904894854172667,0.0015482432579482649,0.001686425035336207,0.004710688826197154,0.4566429905202089
vol_churn,purchase_last_type,0.008839611393353113,0.004434642221225628,0.005284665101429308,0.013808920887944102,0.5016784136642283
vol_churn,purchase_span_days,0.0023242710198975686,0.0027205536003534394,0.00029914372895830743,0.005416631887217401,1.1704975784077603
vol_churn,purchase_spend_d1,0.013835255565611057,0.0010696802000155897,0.0130924274260465,0.015061286799162405,0.07731553601903743
vol_churn,purchase_spend_d14,0.005907938648935532,0.001740768919634679,0.004358918051736565,0.00779180814259138,0.2946491192741691
vol_churn,purchase_spend_d3,0.010458650590278342,0.001732783456178961,0.00875425393238219,0.012218490109577445,0.16567944795762085
vol_churn,purchase_spend_d7,0.008230351102828425,0.0020064109872437396,0.006455041665637232,0.010407149859690233,0.24378194346462578
vol_churn,purchase_type_nunique,0.0003287193541247042,0.0005196503467704471,0.0,0.0009278136313358412,1.580832829737523
vol_churn,purchase_unique_transactions,0.00024540769709794686,0.0004250585999421173,0.0,0.0007362230912938406,1.7320508075688772
vol_churn,quiz_answered,0.0017280047186293435,0.001934715832829981,0.0,0.003818231006555364,1.1196241607283348
vol_churn,quiz_cost_concern,0.004988859548975316,0.0027824236645928543,0.0018043632150411906,0.006950050494237896,0.5577273998752578
vol_churn,quiz_experience,0.018043294220831518,0.004559581445486461,0.013337397640395321,0.02244091509821451,0.2527022720841236
vol_churn,quiz_first_feature,0.010285238827175696,0.00014446853032418615,0.010153618056046011,0.01043980807544985,0.014046200846836037
vol_churn,quiz_flow_type,0.0025279668977668513,0.0001692880428894291,0.0023877727491165893,0.0027160370282467853,0.06696608370899726
vol_churn,quiz_frustration,0.03104725292758948,0.011952591045756225,0.0215759243599425,0.044476873967680366,0.3849806317368198
vol_churn,quiz_missing_answers,0.004624608007042706,0.001777643739800257,0.0026783281558677955,0.006162560575312645,0.38438798209342834
vol_churn,quiz_role,0.011968666317682392,0.005765156672897194,0.008583255958913795,0.01862536978374123,0.481687476271254
vol_churn,quiz_rows,0.0,0.0,0.0,0.0,
vol_churn,quiz_source,0.025548423114103866,0.004493718538804472,0.020823379881389256,0.029768088005151738,0.17589025039763567
vol_churn,quiz_team_size,0.04231460872589607,0.010831325020080771,0.03189175648478896,0.0535127463862404,0.2559712909138191
vol_churn,quiz_usage_plan,0.013342680030557963,0.004496961276797931,0.008490358871305144,0.017370057413312736,0.3370358328685693
vol_churn,signup_hour,0.008908607457265214,0.0024786618498929647,0.006291428907494931,0.01122046483942854,0.27823224468955
vol_churn,signup_is_weekend,0.008121376563153213,0.0037335306788574747,0.004707626496454953,0.012108379705087073,0.45971648400057574
vol_churn,signup_weekday,0.012751456459810837,0.003860032869560786,0.008378256448475887,0.01568384128681398,0.30271309647855305
vol_churn,spend_per_attempt,0.00491252006302018,0.00044878711708269935,0.004531034306846893,0.0054070084593240844,0.09135578304524794
vol_churn,subscription_plan,0.027238170693994517,0.0185859299132559,0.014600011931998703,0.048578717981638625,0.682348683472849
