fold,class,feature,mean_abs_shap,sample_users
fold_1,invol_churn,subscription_plan,0.0245056572573254,1500
fold_1,invol_churn,country_code,0.17188971195648894,1500
fold_1,invol_churn,signup_weekday,0.0074635848450877946,1500
fold_1,invol_churn,signup_hour,0.01579934718355452,1500
fold_1,invol_churn,signup_is_weekend,0.0038960307092613614,1500
fold_1,invol_churn,quiz_rows,0.0,1500
fold_1,invol_churn,quiz_missing_answers,0.001114185885733291,1500
fold_1,invol_churn,quiz_answered,0.0016892255440093215,1500
fold_1,invol_churn,quiz_source,0.014125369270104882,1500
fold_1,invol_churn,quiz_flow_type,0.0020013399051855415,1500
fold_1,invol_churn,quiz_team_size,0.013220038479918867,1500
fold_1,invol_churn,quiz_experience,0.01640236837752351,1500
fold_1,invol_churn,quiz_usage_plan,0.013952961461077783,1500
fold_1,invol_churn,quiz_frustration,0.021755596991154022,1500
fold_1,invol_churn,quiz_first_feature,0.009517926692436167,1500
fold_1,invol_churn,quiz_role,0.00996153881239171,1500
fold_1,invol_churn,quiz_cost_concern,0.0018320921228827463,1500
fold_1,invol_churn,attempt_count,0.0,1500
fold_1,invol_churn,attempt_unique_transactions,0.00033194145154801674,1500
fold_1,invol_churn,attempt_active_days,0.00047625646655660145,1500
fold_1,invol_churn,attempt_success_count,0.0009206006893959047,1500
fold_1,invol_churn,attempt_failure_count,0.0,1500
fold_1,invol_churn,attempt_failure_rate,0.0,1500
fold_1,invol_churn,attempt_amount_sum,0.004707569303370094,1500
fold_1,invol_churn,attempt_amount_mean,0.008288622192631375,1500
fold_1,invol_churn,attempt_amount_std,0.0020955728547338735,1500
fold_1,invol_churn,attempt_amount_max,0.005106745046014803,1500
fold_1,invol_churn,attempt_first_day,2.9383395862949245e-05,1500
fold_1,invol_churn,attempt_last_day,0.0032614740157306792,1500
fold_1,invol_churn,attempt_night_rate,0.0011940465471530727,1500
fold_1,invol_churn,attempt_weekend_rate,0.0021250093287812437,1500
fold_1,invol_churn,attempt_distinct_failures,0.001485254337228886,1500
fold_1,invol_churn,attempt_distinct_cards,0.0003643700922513514,1500
fold_1,invol_churn,attempt_distinct_banks,0.003482415723787976,1500
fold_1,invol_churn,attempt_distinct_card_countries,0.0009352936684752871,1500
fold_1,invol_churn,attempt_count_d1,0.0018300416757003346,1500
fold_1,invol_churn,attempt_failures_d1,0.0,1500
fold_1,invol_churn,attempt_count_d3,0.0012725512538889234,1500
fold_1,invol_churn,attempt_failures_d3,0.0005564995046227451,1500
fold_1,invol_churn,attempt_count_d7,0.0013540147825159938,1500
fold_1,invol_churn,attempt_failures_d7,0.0,1500
fold_1,invol_churn,attempt_count_d14,0.00041089625437764325,1500
fold_1,invol_churn,attempt_failures_d14,0.0006314398407399599,1500
fold_1,invol_churn,failure_card_declined_count,0.0007049412613798814,1500
fold_1,invol_churn,failure_insufficient_funds_count,0.0,1500
fold_1,invol_churn,failure_incorrect_cvc_count,0.0,1500
fold_1,invol_churn,failure_expired_card_count,1.7251102478631257e-06,1500
fold_1,invol_churn,failure_authentication_required_count,0.0,1500
fold_1,invol_churn,failure_do_not_honor_count,0.0,1500
fold_1,invol_churn,failure_processing_error_count,0.0,1500
fold_1,invol_churn,failure_generic_decline_count,0.0,1500
fold_1,invol_churn,is_3d_secure_rate,0.01860666890902808,1500
fold_1,invol_churn,is_3d_secure_authenticated_rate,0.01619044522501222,1500
fold_1,invol_churn,is_prepaid_rate,0.001648731117816106,1500
fold_1,invol_churn,is_virtual_rate,0.009592172280157227,1500
fold_1,invol_churn,is_business_rate,0.06345922958745737,1500
fold_1,invol_churn,attempt_last_billing_address_country,0.02340804637217187,1500
fold_1,invol_churn,attempt_last_card_3d_secure_support,0.045110447895197796,1500
fold_1,invol_churn,attempt_last_card_brand,0.022912734523967207,1500
fold_1,invol_churn,attempt_last_card_country,0.10307772150173874,1500
fold_1,invol_churn,attempt_last_card_funding,0.053113307214498494,1500
fold_1,invol_churn,attempt_last_cvc_check,0.035159282868704476,1500
fold_1,invol_churn,attempt_last_digital_wallet,0.011027064283166417,1500
fold_1,invol_churn,attempt_last_payment_method_type,0.0,1500
fold_1,invol_churn,attempt_last_bank_name,0.17499946811217906,1500
fold_1,invol_churn,attempt_last_bank_country,0.01077013112753761,1500
fold_1,invol_churn,attempt_last_failure_code,0.013002822064749188,1500
fold_1,invol_churn,attempt_span_days,0.0009736379703402578,1500
fold_1,invol_churn,attempt_success_rate,0.0,1500
fold_1,invol_churn,purchase_count,0.0,1500
fold_1,invol_churn,purchase_unique_transactions,0.0,1500
fold_1,invol_churn,purchase_active_days,3.697438244813791e-05,1500
fold_1,invol_churn,purchase_amount_sum,0.0019620864805513535,1500
fold_1,invol_churn,purchase_amount_mean,0.0034492134519149772,1500
fold_1,invol_churn,purchase_amount_std,0.0030097033524209655,1500
fold_1,invol_churn,purchase_amount_max,0.003103247281278536,1500
fold_1,invol_churn,purchase_first_day,8.533258311405832e-06,1500
fold_1,invol_churn,purchase_last_day,0.002295653845101153,1500
fold_1,invol_churn,purchase_type_nunique,0.00035372661679515234,1500
fold_1,invol_churn,purchase_last_type,0.011561120301386896,1500
fold_1,invol_churn,purchase_count_d1,0.00101130467680762,1500
fold_1,invol_churn,purchase_spend_d1,0.004074053114563994,1500
fold_1,invol_churn,purchase_count_d3,7.751045704931683e-06,1500
fold_1,invol_churn,purchase_spend_d3,0.004699021031602422,1500
fold_1,invol_churn,purchase_count_d7,0.0014766210408688502,1500
fold_1,invol_churn,purchase_spend_d7,0.0045390409017731165,1500
fold_1,invol_churn,purchase_count_d14,0.0008392099265415031,1500
fold_1,invol_churn,purchase_spend_d14,0.0042964538348872604,1500
fold_1,invol_churn,purchase_span_days,8.668736647303019e-05,1500
fold_1,invol_churn,attempts_per_purchase,0.0,1500
fold_1,invol_churn,failures_per_purchase,0.0038688818840984743,1500
fold_1,invol_churn,spend_per_attempt,0.00504955478597749,1500
fold_1,invol_churn,purchase_attempt_gap,0.0006173633639713515,1500
fold_1,invol_churn,activity_days_total,0.00046288676414178227,1500
fold_1,not_churned,subscription_plan,0.027557841196259696,1500
fold_1,not_churned,country_code,0.11670956444923308,1500
fold_1,not_churned,signup_weekday,0.012405806021769893,1500
fold_1,not_churned,signup_hour,0.01877028453636989,1500
fold_1,not_churned,signup_is_weekend,0.008257751907998734,1500
fold_1,not_churned,quiz_rows,0.0,1500
fold_1,not_churned,quiz_missing_answers,0.005817289674481076,1500
fold_1,not_churned,quiz_answered,0.005056092804721072,1500
fold_1,not_churned,quiz_source,0.030557196399563367,1500
fold_1,not_churned,quiz_flow_type,0.0024487699498541853,1500
fold_1,not_churned,quiz_team_size,0.05175225089981033,1500
fold_1,not_churned,quiz_experience,0.0076989494645436085,1500
fold_1,not_churned,quiz_usage_plan,0.008614178384565173,1500
fold_1,not_churned,quiz_frustration,0.03399264088502108,1500
fold_1,not_churned,quiz_first_feature,0.00806755089778167,1500
fold_1,not_churned,quiz_role,0.01234387367869007,1500
fold_1,not_churned,quiz_cost_concern,0.002574557832076007,1500
fold_1,not_churned,attempt_count,0.0,1500
fold_1,not_churned,attempt_unique_transactions,0.0003750133907388566,1500
fold_1,not_churned,attempt_active_days,0.0005163789028778885,1500
fold_1,not_churned,attempt_success_count,0.0007001287409508389,1500
fold_1,not_churned,attempt_failure_count,0.0,1500
fold_1,not_churned,attempt_failure_rate,0.0,1500
fold_1,not_churned,attempt_amount_sum,0.008878193325430687,1500
fold_1,not_churned,attempt_amount_mean,0.011646165436740186,1500
fold_1,not_churned,attempt_amount_std,0.0014820377530867645,1500
fold_1,not_churned,attempt_amount_max,0.0052606516146982375,1500
fold_1,not_churned,attempt_first_day,6.19715172570979e-05,1500
fold_1,not_churned,attempt_last_day,0.01934358427559079,1500
fold_1,not_churned,attempt_night_rate,0.001082692696551884,1500
fold_1,not_churned,attempt_weekend_rate,0.00555844106705929,1500
fold_1,not_churned,attempt_distinct_failures,0.001998273211494938,1500
fold_1,not_churned,attempt_distinct_cards,0.00031345023396886447,1500
fold_1,not_churned,attempt_distinct_banks,0.004998899353824076,1500
fold_1,not_churned,attempt_distinct_card_countries,0.00100901991617809,1500
fold_1,not_churned,attempt_count_d1,0.005787602057545904,1500
fold_1,not_churned,attempt_failures_d1,0.0,1500
fold_1,not_churned,attempt_count_d3,0.0020193562648806434,1500
fold_1,not_churned,attempt_failures_d3,0.0009852854269421555,1500
fold_1,not_churned,attempt_count_d7,0.003661050678825023,1500
fold_1,not_churned,attempt_failures_d7,0.0,1500
fold_1,not_churned,attempt_count_d14,0.0002126022625881198,1500
fold_1,not_churned,attempt_failures_d14,0.00038095077746628305,1500
fold_1,not_churned,failure_card_declined_count,0.0006027549562159456,1500
fold_1,not_churned,failure_insufficient_funds_count,0.0,1500
fold_1,not_churned,failure_incorrect_cvc_count,0.0,1500
fold_1,not_churned,failure_expired_card_count,1.1589579631567546e-06,1500
fold_1,not_churned,failure_authentication_required_count,0.0,1500
fold_1,not_churned,failure_do_not_honor_count,0.0,1500
fold_1,not_churned,failure_processing_error_count,0.0,1500
fold_1,not_churned,failure_generic_decline_count,0.0,1500
fold_1,not_churned,is_3d_secure_rate,0.01034126369635542,1500
fold_1,not_churned,is_3d_secure_authenticated_rate,0.008197550952898912,1500
fold_1,not_churned,is_prepaid_rate,0.00105683950250443,1500
fold_1,not_churned,is_virtual_rate,0.0015714212258398615,1500
fold_1,not_churned,is_business_rate,0.08197591665670939,1500
fold_1,not_churned,attempt_last_billing_address_country,0.08911102802269744,1500
fold_1,not_churned,attempt_last_card_3d_secure_support,0.1770252324952671,1500
fold_1,not_churned,attempt_last_card_brand,0.020891167097164518,1500
fold_1,not_churned,attempt_last_card_country,0.07065150946632459,1500
fold_1,not_churned,attempt_last_card_funding,0.040399644406743984,1500
fold_1,not_churned,attempt_last_cvc_check,0.03586372504074533,1500
fold_1,not_churned,attempt_last_digital_wallet,0.008075300468945432,1500
fold_1,not_churned,attempt_last_payment_method_type,0.0,1500
fold_1,not_churned,attempt_last_bank_name,0.08610897273168566,1500
fold_1,not_churned,attempt_last_bank_country,0.009504075315803861,1500
fold_1,not_churned,attempt_last_failure_code,0.013579185849625633,1500
fold_1,not_churned,attempt_span_days,0.0037243880160306186,1500
fold_1,not_churned,attempt_success_rate,0.0,1500
fold_1,not_churned,purchase_count,0.0,1500
fold_1,not_churned,purchase_unique_transactions,0.0,1500
fold_1,not_churned,purchase_active_days,5.9369946165249685e-05,1500
fold_1,not_churned,purchase_amount_sum,0.0030789938678907635,1500
fold_1,not_churned,purchase_amount_mean,0.004676334427831961,1500
fold_1,not_churned,purchase_amount_std,0.003234713117420564,1500
fold_1,not_churned,purchase_amount_max,0.006498764973170441,1500
fold_1,not_churned,purchase_first_day,2.2692052491916208e-05,1500
fold_1,not_churned,purchase_last_day,0.006557642790416766,1500
fold_1,not_churned,purchase_type_nunique,0.00038044803032781976,1500
fold_1,not_churned,purchase_last_type,0.018110552985330965,1500
fold_1,not_churned,purchase_count_d1,0.0010321290080187687,1500
fold_1,not_churned,purchase_spend_d1,0.018267605428834,1500
fold_1,not_churned,purchase_count_d3,1.2184874441368931e-05,1500
fold_1,not_churned,purchase_spend_d3,0.009601685278233168,1500
fold_1,not_churned,purchase_count_d7,0.00400768830234546,1500
fold_1,not_churned,purchase_spend_d7,0.009570867373489812,1500
fold_1,not_churned,purchase_count_d14,0.0006697603860665057,1500
fold_1,not_churned,purchase_spend_d14,0.006777666530599315,1500
fold_1,not_churned,purchase_span_days,0.0002942263045667954,1500
fold_1,not_churned,attempts_per_purchase,0.0,1500
fold_1,not_churned,failures_per_purchase,0.003585258805448384,1500
fold_1,not_churned,spend_per_attempt,0.004745020017026196,1500
fold_1,not_churned,purchase_attempt_gap,0.0005609913578030627,1500
fold_1,not_churned,activity_days_total,0.0009219985312322604,1500
fold_1,vol_churn,subscription_plan,0.048578717981638625,1500
fold_1,vol_churn,country_code,0.13726291412229516,1500
fold_1,vol_churn,signup_weekday,0.014192271644142645,1500
fold_1,vol_churn,signup_hour,0.01122046483942854,1500
fold_1,vol_churn,signup_is_weekend,0.012108379705087073,1500
fold_1,vol_churn,quiz_rows,0.0,1500
fold_1,vol_churn,quiz_missing_answers,0.0050329352899476775,1500
fold_1,vol_churn,quiz_answered,0.003818231006555364,1500
fold_1,vol_churn,quiz_source,0.020823379881389256,1500
fold_1,vol_churn,quiz_flow_type,0.0023877727491165893,1500
fold_1,vol_churn,quiz_team_size,0.04153932330665884,1500
fold_1,vol_churn,quiz_experience,0.01835156992388472,1500
fold_1,vol_churn,quiz_usage_plan,0.014167623807056008,1500
fold_1,vol_churn,quiz_frustration,0.044476873967680366,1500
fold_1,vol_churn,quiz_first_feature,0.01043980807544985,1500
fold_1,vol_churn,quiz_role,0.01862536978374123,1500
fold_1,vol_churn,quiz_cost_concern,0.0018043632150411906,1500
fold_1,vol_churn,attempt_count,0.0,1500
fold_1,vol_churn,attempt_unique_transactions,0.00032496982593191546,1500
fold_1,vol_churn,attempt_active_days,8.945143995579319e-05,1500
fold_1,vol_churn,attempt_success_count,0.0009785748202578502,1500
fold_1,vol_churn,attempt_failure_count,0.0,1500
fold_1,vol_churn,attempt_failure_rate,0.0,1500
fold_1,vol_churn,attempt_amount_sum,0.007723264155648715,1500
fold_1,vol_churn,attempt_amount_mean,0.008040688833282088,1500
fold_1,vol_churn,attempt_amount_std,0.0016016595202877854,1500
fold_1,vol_churn,attempt_amount_max,0.004787499997521765,1500
fold_1,vol_churn,attempt_first_day,5.75554580578949e-05,1500
fold_1,vol_churn,attempt_last_day,0.016349773928800545,1500
fold_1,vol_churn,attempt_night_rate,0.0009467345264641029,1500
fold_1,vol_churn,attempt_weekend_rate,0.006423100303492197,1500
fold_1,vol_churn,attempt_distinct_failures,0.0006092749638432572,1500
fold_1,vol_churn,attempt_distinct_cards,0.0006774747784154539,1500
fold_1,vol_churn,attempt_distinct_banks,0.002595976844652556,1500
fold_1,vol_churn,attempt_distinct_card_countries,0.0019429707819321948,1500
fold_1,vol_churn,attempt_count_d1,0.006288563044784863,1500
fold_1,vol_churn,attempt_failures_d1,0.0,1500
fold_1,vol_churn,attempt_count_d3,0.0019102502524646027,1500
fold_1,vol_churn,attempt_failures_d3,0.0005640183812681609,1500
fold_1,vol_churn,attempt_count_d7,0.003195635392662756,1500
fold_1,vol_churn,attempt_failures_d7,0.0,1500
fold_1,vol_churn,attempt_count_d14,0.0003309296710987497,1500
fold_1,vol_churn,attempt_failures_d14,0.00035009009772551274,1500
fold_1,vol_churn,failure_card_declined_count,0.0006046364115879551,1500
fold_1,vol_churn,failure_insufficient_funds_count,0.0,1500
fold_1,vol_churn,failure_incorrect_cvc_count,0.0,1500
fold_1,vol_churn,failure_expired_card_count,1.4520029446086856e-06,1500
fold_1,vol_churn,failure_authentication_required_count,0.0,1500
fold_1,vol_churn,failure_do_not_honor_count,0.0,1500
fold_1,vol_churn,failure_processing_error_count,0.0,1500
fold_1,vol_churn,failure_generic_decline_count,0.0,1500
fold_1,vol_churn,is_3d_secure_rate,0.0087329968555659,1500
fold_1,vol_churn,is_3d_secure_authenticated_rate,0.008108569574380683,1500
fold_1,vol_churn,is_prepaid_rate,0.0009405042876890982,1500
fold_1,vol_churn,is_virtual_rate,0.008833248823984065,1500
fold_1,vol_churn,is_business_rate,0.019031457348639036,1500
fold_1,vol_churn,attempt_last_billing_address_country,0.08706215518306455,1500
fold_1,vol_churn,attempt_last_card_3d_secure_support,0.17035050537744878,1500
fold_1,vol_churn,attempt_last_card_brand,0.023552498203120432,1500
fold_1,vol_churn,attempt_last_card_country,0.09628693895096407,1500
fold_1,vol_churn,attempt_last_card_funding,0.023350044124987732,1500
fold_1,vol_churn,attempt_last_cvc_check,0.010769192361545544,1500
fold_1,vol_churn,attempt_last_digital_wallet,0.009362166474388959,1500
fold_1,vol_churn,attempt_last_payment_method_type,0.0,1500
fold_1,vol_churn,attempt_last_bank_name,0.10223633099677439,1500
fold_1,vol_churn,attempt_last_bank_country,0.008881037359479961,1500
fold_1,vol_churn,attempt_last_failure_code,0.0063294293825082,1500
fold_1,vol_churn,attempt_span_days,0.003170994290342336,1500
fold_1,vol_churn,attempt_success_rate,0.0,1500
fold_1,vol_churn,purchase_count,0.0,1500
fold_1,vol_churn,purchase_unique_transactions,0.0,1500
fold_1,vol_churn,purchase_active_days,3.7122323195580936e-05,1500
fold_1,vol_churn,purchase_amount_sum,0.0020719055014446538,1500
fold_1,vol_churn,purchase_amount_mean,0.003576143781010184,1500
fold_1,vol_churn,purchase_amount_std,0.001708459587973099,1500
fold_1,vol_churn,purchase_amount_max,0.005908412882868288,1500
fold_1,vol_churn,purchase_first_day,2.5600923321213332e-05,1500
fold_1,vol_churn,purchase_last_day,0.004710688826197154,1500
fold_1,vol_churn,purchase_type_nunique,5.834443103827139e-05,1500
fold_1,vol_churn,purchase_last_type,0.013808920887944102,1500
fold_1,vol_churn,purchase_count_d1,0.000868811867132383,1500
fold_1,vol_churn,purchase_spend_d1,0.015061286799162405,1500
fold_1,vol_churn,purchase_count_d3,4.433828736437332e-06,1500
fold_1,vol_churn,purchase_spend_d3,0.00875425393238219,1500
fold_1,vol_churn,purchase_count_d7,0.004578056683487605,1500
fold_1,vol_churn,purchase_spend_d7,0.007828861783157807,1500
fold_1,vol_churn,purchase_count_d14,0.00031624926429747345,1500
fold_1,vol_churn,purchase_spend_d14,0.00557308975247865,1500
fold_1,vol_churn,purchase_span_days,0.00029914372895830743,1500
fold_1,vol_churn,attempts_per_purchase,0.0,1500
fold_1,vol_churn,failures_per_purchase,0.0009598975436893101,1500
fold_1,vol_churn,spend_per_attempt,0.004799517422889564,1500
fold_1,vol_churn,purchase_attempt_gap,0.0007526048355416264,1500
fold_1,vol_churn,activity_days_total,0.000539213732020867,1500
fold_2,invol_churn,subscription_plan,0.008004257444573988,1500
fold_2,invol_churn,country_code,0.18003452049530191,1500
fold_2,invol_churn,signup_weekday,0.0035498212483343265,1500
fold_2,invol_churn,signup_hour,0.011421078796423508,1500
fold_2,invol_churn,signup_is_weekend,0.0017110856696492048,1500
fold_2,invol_churn,quiz_rows,0.0,1500
fold_2,invol_churn,quiz_missing_answers,0.005647923528024697,1500
fold_2,invol_churn,quiz_answered,0.0,1500
fold_2,invol_churn,quiz_source,0.005586379149271514,1500
fold_2,invol_churn,quiz_flow_type,0.0019375480698781745,1500
fold_2,invol_churn,quiz_team_size,0.014815001205770109,1500
fold_2,invol_churn,quiz_experience,0.0079645147298297,1500
fold_2,invol_churn,quiz_usage_plan,0.010362804908146547,1500
fold_2,invol_churn,quiz_frustration,0.026150878454168767,1500
fold_2,invol_churn,quiz_first_feature,0.00539300630685142,1500
fold_2,invol_churn,quiz_role,0.0034751530343772653,1500
fold_2,invol_churn,quiz_cost_concern,0.0014863203308504815,1500
fold_2,invol_churn,attempt_count,0.00013783442890569626,1500
fold_2,invol_churn,attempt_unique_transactions,0.00012580602930304023,1500
fold_2,invol_churn,attempt_active_days,0.001443461192774886,1500
fold_2,invol_churn,attempt_success_count,0.0009982320911597492,1500
fold_2,invol_churn,attempt_failure_count,0.0016911918212152864,1500
fold_2,invol_churn,attempt_failure_rate,0.0038559386091076824,1500
fold_2,invol_churn,attempt_amount_sum,0.0019202942198680783,1500
fold_2,invol_churn,attempt_amount_mean,0.002954277599290554,1500
fold_2,invol_churn,attempt_amount_std,0.0010233702804223854,1500
fold_2,invol_churn,attempt_amount_max,0.001085031558094372,1500
fold_2,invol_churn,attempt_first_day,0.0,1500
fold_2,invol_churn,attempt_last_day,0.0042396159763425055,1500
fold_2,invol_churn,attempt_night_rate,0.0,1500
fold_2,invol_churn,attempt_weekend_rate,0.0021910197166148575,1500
fold_2,invol_churn,attempt_distinct_failures,0.0,1500
fold_2,invol_churn,attempt_distinct_cards,5.001740063792677e-07,1500
fold_2,invol_churn,attempt_distinct_banks,0.0012411933895206508,1500
fold_2,invol_churn,attempt_distinct_card_countries,0.00023846500894440356,1500
fold_2,invol_churn,attempt_count_d1,0.0008917853513789799,1500
fold_2,invol_churn,attempt_failures_d1,0.0006582703536215339,1500
fold_2,invol_churn,attempt_count_d3,0.0008626769342996671,1500
fold_2,invol_churn,attempt_failures_d3,9.02194438829e-05,1500
fold_2,invol_churn,attempt_count_d7,0.0003392254558119399,1500
fold_2,invol_churn,attempt_failures_d7,0.0010212431730818635,1500
fold_2,invol_churn,attempt_count_d14,0.0,1500
fold_2,invol_churn,attempt_failures_d14,0.0009163942938364057,1500
fold_2,invol_churn,failure_card_declined_count,0.0001612323651984219,1500
fold_2,invol_churn,failure_insufficient_funds_count,0.0,1500
fold_2,invol_churn,failure_incorrect_cvc_count,0.0,1500
fold_2,invol_churn,failure_expired_card_count,0.0,1500
fold_2,invol_churn,failure_authentication_required_count,0.0,1500
fold_2,invol_churn,failure_do_not_honor_count,0.0,1500
fold_2,invol_churn,failure_processing_error_count,0.0,1500
fold_2,invol_churn,failure_generic_decline_count,0.0,1500
fold_2,invol_churn,is_3d_secure_rate,0.007387343568593102,1500
fold_2,invol_churn,is_3d_secure_authenticated_rate,0.012773122053765792,1500
fold_2,invol_churn,is_prepaid_rate,0.002608724201169104,1500
fold_2,invol_churn,is_virtual_rate,0.009603346458557588,1500
fold_2,invol_churn,is_business_rate,0.052653281871669746,1500
fold_2,invol_churn,attempt_last_billing_address_country,0.02084157235454042,1500
fold_2,invol_churn,attempt_last_card_3d_secure_support,0.051944663542412645,1500
fold_2,invol_churn,attempt_last_card_brand,0.0169743710075621,1500
fold_2,invol_churn,attempt_last_card_country,0.09525390936414802,1500
fold_2,invol_churn,attempt_last_card_funding,0.0579939502149037,1500
fold_2,invol_churn,attempt_last_cvc_check,0.041660475300819656,1500
fold_2,invol_churn,attempt_last_digital_wallet,0.010416294875400243,1500
fold_2,invol_churn,attempt_last_payment_method_type,0.0,1500
fold_2,invol_churn,attempt_last_bank_name,0.15364371137744587,1500
fold_2,invol_churn,attempt_last_bank_country,0.014001659461187164,1500
fold_2,invol_churn,attempt_last_failure_code,0.013153161551341363,1500
fold_2,invol_churn,attempt_span_days,0.0009905285689432812,1500
fold_2,invol_churn,attempt_success_rate,0.0016075677125599467,1500
fold_2,invol_churn,purchase_count,0.00041484045526256244,1500
fold_2,invol_churn,purchase_unique_transactions,0.00032702220629474144,1500
fold_2,invol_churn,purchase_active_days,0.00038750197303431664,1500
fold_2,invol_churn,purchase_amount_sum,0.0041280116621775186,1500
fold_2,invol_churn,purchase_amount_mean,0.0030065362605900953,1500
fold_2,invol_churn,purchase_amount_std,0.00232361392572648,1500
fold_2,invol_churn,purchase_amount_max,0.001120880785657829,1500
fold_2,invol_churn,purchase_first_day,5.077661705411398e-05,1500
fold_2,invol_churn,purchase_last_day,0.0017677673457533734,1500
fold_2,invol_churn,purchase_type_nunique,0.0011055144321262629,1500
fold_2,invol_churn,purchase_last_type,0.005354132437491933,1500
fold_2,invol_churn,purchase_count_d1,0.0012797816092769885,1500
fold_2,invol_churn,purchase_spend_d1,0.004227798436274946,1500
fold_2,invol_churn,purchase_count_d3,0.00035276681404213444,1500
fold_2,invol_churn,purchase_spend_d3,0.004200254051318766,1500
fold_2,invol_churn,purchase_count_d7,0.0003467564187861562,1500
fold_2,invol_churn,purchase_spend_d7,0.0019768046048075105,1500
fold_2,invol_churn,purchase_count_d14,0.0005495861029947894,1500
fold_2,invol_churn,purchase_spend_d14,0.0021052349282798333,1500
fold_2,invol_churn,purchase_span_days,0.0013237097724360164,1500
fold_2,invol_churn,attempts_per_purchase,0.002033521317403475,1500
fold_2,invol_churn,failures_per_purchase,0.0015057722147733218,1500
fold_2,invol_churn,spend_per_attempt,0.0037792666751663095,1500
fold_2,invol_churn,purchase_attempt_gap,0.0004583375304391019,1500
fold_2,invol_churn,activity_days_total,0.0,1500
fold_2,not_churned,subscription_plan,0.012525173401662159,1500
fold_2,not_churned,country_code,0.12057499203779569,1500
fold_2,not_churned,signup_weekday,0.014820274372983059,1500
fold_2,not_churned,signup_hour,0.008470655714982591,1500
fold_2,not_churned,signup_is_weekend,0.007126575164890834,1500
fold_2,not_churned,quiz_rows,0.0,1500
fold_2,not_churned,quiz_missing_answers,0.003733579161496809,1500
fold_2,not_churned,quiz_answered,0.0,1500
fold_2,not_churned,quiz_source,0.029676372576181033,1500
fold_2,not_churned,quiz_flow_type,0.002376266241529564,1500
fold_2,not_churned,quiz_team_size,0.06803180842426554,1500
fold_2,not_churned,quiz_experience,0.021668770371743654,1500
fold_2,not_churned,quiz_usage_plan,0.008476165023871081,1500
fold_2,not_churned,quiz_frustration,0.04066707159221583,1500
fold_2,not_churned,quiz_first_feature,0.009615581912437983,1500
fold_2,not_churned,quiz_role,0.009547446708980492,1500
fold_2,not_churned,quiz_cost_concern,0.005026395351383541,1500
fold_2,not_churned,attempt_count,6.42832601164264e-05,1500
fold_2,not_churned,attempt_unique_transactions,0.00017637445164660865,1500
fold_2,not_churned,attempt_active_days,0.0033296273401469735,1500
fold_2,not_churned,attempt_success_count,0.0005051245831644444,1500
fold_2,not_churned,attempt_failure_count,0.0025656811801310843,1500
fold_2,not_churned,attempt_failure_rate,0.004866961385055249,1500
fold_2,not_churned,attempt_amount_sum,0.0037370273620788486,1500
fold_2,not_churned,attempt_amount_mean,0.006606844599397767,1500
fold_2,not_churned,attempt_amount_std,0.0013231097405730784,1500
fold_2,not_churned,attempt_amount_max,0.0016418089277843225,1500
fold_2,not_churned,attempt_first_day,0.0,1500
fold_2,not_churned,attempt_last_day,0.010902704300942496,1500
fold_2,not_churned,attempt_night_rate,0.0,1500
fold_2,not_churned,attempt_weekend_rate,0.009082171776981814,1500
fold_2,not_churned,attempt_distinct_failures,0.0,1500
fold_2,not_churned,attempt_distinct_cards,3.407159689151796e-07,1500
fold_2,not_churned,attempt_distinct_banks,0.0010210621025340469,1500
fold_2,not_churned,attempt_distinct_card_countries,0.00048540968788282884,1500
fold_2,not_churned,attempt_count_d1,0.0026427883531008663,1500
fold_2,not_churned,attempt_failures_d1,0.0006383910022583813,1500
fold_2,not_churned,attempt_count_d3,0.0024104023242304644,1500
fold_2,not_churned,attempt_failures_d3,7.386699997316912e-05,1500
fold_2,not_churned,attempt_count_d7,0.00035255404774927766,1500
fold_2,not_churned,attempt_failures_d7,0.0011430114857281096,1500
fold_2,not_churned,attempt_count_d14,0.0,1500
fold_2,not_churned,attempt_failures_d14,0.000310760399273692,1500
fold_2,not_churned,failure_card_declined_count,0.00034490897208411454,1500
fold_2,not_churned,failure_insufficient_funds_count,0.0,1500
fold_2,not_churned,failure_incorrect_cvc_count,0.0,1500
fold_2,not_churned,failure_expired_card_count,0.0,1500
fold_2,not_churned,failure_authentication_required_count,0.0,1500
fold_2,not_churned,failure_do_not_honor_count,0.0,1500
fold_2,not_churned,failure_processing_error_count,0.0,1500
fold_2,not_churned,failure_generic_decline_count,0.0,1500
fold_2,not_churned,is_3d_secure_rate,0.0055677681865399925,1500
fold_2,not_churned,is_3d_secure_authenticated_rate,0.007888482674777639,1500
fold_2,not_churned,is_prepaid_rate,0.0015948836765341382,1500
fold_2,not_churned,is_virtual_rate,0.004256754427684408,1500
fold_2,not_churned,is_business_rate,0.06585793768213503,1500
fold_2,not_churned,attempt_last_billing_address_country,0.045667801346845324,1500
fold_2,not_churned,attempt_last_card_3d_secure_support,0.1422872945309245,1500
fold_2,not_churned,attempt_last_card_brand,0.01460509525193003,1500
fold_2,not_churned,attempt_last_card_country,0.04678887569929057,1500
fold_2,not_churned,attempt_last_card_funding,0.0376034391182861,1500
fold_2,not_churned,attempt_last_cvc_check,0.04930952483152889,1500
fold_2,not_churned,attempt_last_digital_wallet,0.014662554053242002,1500
fold_2,not_churned,attempt_last_payment_method_type,0.0,1500
fold_2,not_churned,attempt_last_bank_name,0.07920563880450124,1500
fold_2,not_churned,attempt_last_bank_country,0.00930126185565594,1500
fold_2,not_churned,attempt_last_failure_code,0.009674552079534268,1500
fold_2,not_churned,attempt_span_days,0.003971029546993325,1500
fold_2,not_churned,attempt_success_rate,0.0009069731576019326,1500
fold_2,not_churned,purchase_count,0.00025048065972980293,1500
fold_2,not_churned,purchase_unique_transactions,0.0005889125273793535,1500
fold_2,not_churned,purchase_active_days,0.0008142666894285354,1500
fold_2,not_churned,purchase_amount_sum,0.01085396195808524,1500
fold_2,not_churned,purchase_amount_mean,0.006681491936372625,1500
fold_2,not_churned,purchase_amount_std,0.0030400012645655744,1500
fold_2,not_churned,purchase_amount_max,0.0027592691770868777,1500
fold_2,not_churned,purchase_first_day,2.853210816176305e-05,1500
fold_2,not_churned,purchase_last_day,0.003228517859025915,1500
fold_2,not_churned,purchase_type_nunique,0.0007393367987585212,1500
fold_2,not_churned,purchase_last_type,0.0070106818585415195,1500
fold_2,not_churned,purchase_count_d1,0.0013507103852759498,1500
fold_2,not_churned,purchase_spend_d1,0.016476127515410117,1500
fold_2,not_churned,purchase_count_d3,0.0009797752446253237,1500
fold_2,not_churned,purchase_spend_d3,0.011590270485590332,1500
fold_2,not_churned,purchase_count_d7,9.630855340529105e-05,1500
fold_2,not_churned,purchase_spend_d7,0.007117802986774826,1500
fold_2,not_churned,purchase_count_d14,0.0002931524079905248,1500
fold_2,not_churned,purchase_spend_d14,0.003855797555997764,1500
fold_2,not_churned,purchase_span_days,0.0017120801480433744,1500
fold_2,not_churned,attempts_per_purchase,0.0028705024709275236,1500
fold_2,not_churned,failures_per_purchase,0.0011571657431005355,1500
fold_2,not_churned,spend_per_attempt,0.004961522186747164,1500
fold_2,not_churned,purchase_attempt_gap,0.00027431147193052353,1500
fold_2,not_churned,activity_days_total,0.0,1500
fold_2,vol_churn,subscription_plan,0.014600011931998703,1500
fold_2,vol_churn,country_code,0.13904643985205742,1500
fold_2,vol_churn,signup_weekday,0.01568384128681398,1500
fold_2,vol_churn,signup_hour,0.006291428907494931,1500
fold_2,vol_churn,signup_is_weekend,0.007548123487917615,1500
fold_2,vol_churn,quiz_rows,0.0,1500
fold_2,vol_churn,quiz_missing_answers,0.006162560575312645,1500
fold_2,vol_churn,quiz_answered,0.0,1500
fold_2,vol_churn,quiz_source,0.029768088005151738,1500
fold_2,vol_churn,quiz_flow_type,0.0027160370282467853,1500
fold_2,vol_churn,quiz_team_size,0.0535127463862404,1500
fold_2,vol_churn,quiz_experience,0.02244091509821451,1500
fold_2,vol_churn,quiz_usage_plan,0.008490358871305144,1500
fold_2,vol_churn,quiz_frustration,0.0215759243599425,1500
fold_2,vol_churn,quiz_first_feature,0.010262290350031225,1500
fold_2,vol_churn,quiz_role,0.008697373210392155,1500
fold_2,vol_churn,quiz_cost_concern,0.006212164937646862,1500
fold_2,vol_churn,attempt_count,7.801939898149575e-05,1500
fold_2,vol_churn,attempt_unique_transactions,0.0002279464148532555,1500
fold_2,vol_churn,attempt_active_days,0.0019751540802257516,1500
fold_2,vol_churn,attempt_success_count,0.0008306896585782369,1500
fold_2,vol_churn,attempt_failure_count,0.0009257176360783619,1500
fold_2,vol_churn,attempt_failure_rate,0.0010786090641472271,1500
fold_2,vol_churn,attempt_amount_sum,0.003482997966644686,1500
fold_2,vol_churn,attempt_amount_mean,0.004954846060396375,1500
fold_2,vol_churn,attempt_amount_std,0.0009216032717370412,1500
fold_2,vol_churn,attempt_amount_max,0.0009095715397108486,1500
fold_2,vol_churn,attempt_first_day,0.0,1500
fold_2,vol_churn,attempt_last_day,0.007236705785508305,1500
fold_2,vol_churn,attempt_night_rate,0.0,1500
fold_2,vol_churn,attempt_weekend_rate,0.008129062771898107,1500
fold_2,vol_churn,attempt_distinct_failures,0.0,1500
fold_2,vol_churn,attempt_distinct_cards,6.649207252563654e-07,1500
fold_2,vol_churn,attempt_distinct_banks,0.0011581320737646351,1500
fold_2,vol_churn,attempt_distinct_card_countries,0.0007229935069948416,1500
fold_2,vol_churn,attempt_count_d1,0.002563159320681738,1500
fold_2,vol_churn,attempt_failures_d1,0.0005773774982229531,1500
fold_2,vol_churn,attempt_count_d3,0.002065737330944455,1500
fold_2,vol_churn,attempt_failures_d3,0.00016235001762527815,1500
fold_2,vol_churn,attempt_count_d7,0.0005427140062253805,1500
fold_2,vol_churn,attempt_failures_d7,0.0005318738176501787,1500
fold_2,vol_churn,attempt_count_d14,0.0,1500
fold_2,vol_churn,attempt_failures_d14,0.0007215795588884733,1500
fold_2,vol_churn,failure_card_declined_count,0.0003741454863528865,1500
fold_2,vol_churn,failure_insufficient_funds_count,0.0,1500
fold_2,vol_churn,failure_incorrect_cvc_count,0.0,1500
fold_2,vol_churn,failure_expired_card_count,0.0,1500
fold_2,vol_churn,failure_authentication_required_count,0.0,1500
fold_2,vol_churn,failure_do_not_honor_count,0.0,1500
fold_2,vol_churn,failure_processing_error_count,0.0,1500
fold_2,vol_churn,failure_generic_decline_count,0.0,1500
fold_2,vol_churn,is_3d_secure_rate,0.002236266975154091,1500
fold_2,vol_churn,is_3d_secure_authenticated_rate,0.00518375217992576,1500
fold_2,vol_churn,is_prepaid_rate,0.0011455032568849788,1500
fold_2,vol_churn,is_virtual_rate,0.005410189751158362,1500
fold_2,vol_churn,is_business_rate,0.014786706630404685,1500
fold_2,vol_churn,attempt_last_billing_address_country,0.0328901665933364,1500
fold_2,vol_churn,attempt_last_card_3d_secure_support,0.13928482026894376,1500
fold_2,vol_churn,attempt_last_card_brand,0.008810732031014885,1500
fold_2,vol_churn,attempt_last_card_country,0.09134676723297906,1500
fold_2,vol_churn,attempt_last_card_funding,0.02540994642317971,1500
fold_2,vol_churn,attempt_last_cvc_check,0.010891385665800724,1500
fold_2,vol_churn,attempt_last_digital_wallet,0.007053691384063089,1500
fold_2,vol_churn,attempt_last_payment_method_type,0.0,1500
fold_2,vol_churn,attempt_last_bank_name,0.08434977731816554,1500
fold_2,vol_churn,attempt_last_bank_country,0.009956919795919674,1500
fold_2,vol_churn,attempt_last_failure_code,0.0063399270358395704,1500
fold_2,vol_churn,attempt_span_days,0.0031410577152781627,1500
fold_2,vol_churn,attempt_success_rate,0.0012456908015423165,1500
fold_2,vol_churn,purchase_count,0.00023959716345299317,1500
fold_2,vol_churn,purchase_unique_transactions,0.0007362230912938406,1500
fold_2,vol_churn,purchase_active_days,0.0004812694639597134,1500
fold_2,vol_churn,purchase_amount_sum,0.008752462422974071,1500
fold_2,vol_churn,purchase_amount_mean,0.004560884069939611,1500
fold_2,vol_churn,purchase_amount_std,0.0014002036194146097,1500
fold_2,vol_churn,purchase_amount_max,0.0020085233515172505,1500
fold_2,vol_churn,purchase_first_day,4.7669807992383043e-05,1500
fold_2,vol_churn,purchase_last_day,0.001686425035336207,1500
fold_2,vol_churn,purchase_type_nunique,0.0009278136313358412,1500
fold_2,vol_churn,purchase_last_type,0.005284665101429308,1500
fold_2,vol_churn,purchase_count_d1,0.0024936620935031794,1500
fold_2,vol_churn,purchase_spend_d1,0.013352052471624269,1500
fold_2,vol_churn,purchase_count_d3,0.0009787656320743162,1500
fold_2,vol_churn,purchase_spend_d3,0.010403207728875393,1500
fold_2,vol_churn,purchase_count_d7,0.00041405376350147813,1500
fold_2,vol_churn,purchase_spend_d7,0.006455041665637232,1500
fold_2,vol_churn,purchase_count_d14,0.00027734052110801584,1500
fold_2,vol_churn,purchase_spend_d14,0.004358918051736565,1500
fold_2,vol_churn,purchase_span_days,0.0012570374435169965,1500
fold_2,vol_churn,attempts_per_purchase,0.000914408233087764,1500
fold_2,vol_churn,failures_per_purchase,0.0006259121161406724,1500
fold_2,vol_churn,spend_per_attempt,0.0054070084593240844,1500
fold_2,vol_churn,purchase_attempt_gap,0.00045939810844727305,1500
fold_2,vol_churn,activity_days_total,0.0,1500
fold_3,invol_churn,subscription_plan,0.010171327917190649,1500
fold_3,invol_churn,country_code,0.18309062629003445,1500
fold_3,invol_churn,signup_weekday,0.0053259690772748,1500
fold_3,invol_churn,signup_hour,0.014526181579966282,1500
fold_3,invol_churn,signup_is_weekend,0.0010304804373844428,1500
fold_3,invol_churn,quiz_rows,0.0,1500
fold_3,invol_churn,quiz_missing_answers,0.0014343784587859455,1500
fold_3,invol_churn,quiz_answered,0.0013562421626663265,1500
fold_3,invol_churn,quiz_source,0.013225420109382479,1500
fold_3,invol_churn,quiz_flow_type,0.0017635572141540192,1500
fold_3,invol_churn,quiz_team_size,0.019731530013077356,1500
fold_3,invol_churn,quiz_experience,0.014537873944642857,1500
fold_3,invol_churn,quiz_usage_plan,0.009463270037118759,1500
fold_3,invol_churn,quiz_frustration,0.030129414296313196,1500
fold_3,invol_churn,quiz_first_feature,0.007168316928242794,1500
fold_3,invol_churn,quiz_role,0.007211510892825725,1500
fold_3,invol_churn,quiz_cost_concern,0.002046309692500729,1500
fold_3,invol_churn,attempt_count,0.0004154761433800919,1500
fold_3,invol_churn,attempt_unique_transactions,8.585627620962716e-05,1500
fold_3,invol_churn,attempt_active_days,0.0005895488499783434,1500
fold_3,invol_churn,attempt_success_count,0.0009911704368194228,1500
fold_3,invol_churn,attempt_failure_count,0.0,1500
fold_3,invol_churn,attempt_failure_rate,0.0026453340228879286,1500
fold_3,invol_churn,attempt_amount_sum,0.0023223649582718286,1500
fold_3,invol_churn,attempt_amount_mean,0.003261724349555917,1500
fold_3,invol_churn,attempt_amount_std,0.0023289157346272175,1500
fold_3,invol_churn,attempt_amount_max,0.002985593393196795,1500
fold_3,invol_churn,attempt_first_day,5.620910264692837e-06,1500
fold_3,invol_churn,attempt_last_day,0.0026278502728201676,1500
fold_3,invol_churn,attempt_night_rate,0.0012196605233259399,1500
fold_3,invol_churn,attempt_weekend_rate,0.001977744925515884,1500
fold_3,invol_churn,attempt_distinct_failures,0.0053099231177851074,1500
fold_3,invol_churn,attempt_distinct_cards,0.00010608285373183579,1500
fold_3,invol_churn,attempt_distinct_banks,0.003106071026224405,1500
fold_3,invol_churn,attempt_distinct_card_countries,0.0002634469715011363,1500
fold_3,invol_churn,attempt_count_d1,0.000760970009256977,1500
fold_3,invol_churn,attempt_failures_d1,0.00035494086135014175,1500
fold_3,invol_churn,attempt_count_d3,0.0006377482944181425,1500
fold_3,invol_churn,attempt_failures_d3,2.0431955777605276e-05,1500
fold_3,invol_churn,attempt_count_d7,0.00018988040187606787,1500
fold_3,invol_churn,attempt_failures_d7,0.0014756195063084269,1500
fold_3,invol_churn,attempt_count_d14,0.0008584653165890577,1500
fold_3,invol_churn,attempt_failures_d14,0.0019185446835878217,1500
fold_3,invol_churn,failure_card_declined_count,7.506494555200404e-05,1500
fold_3,invol_churn,failure_insufficient_funds_count,0.0,1500
fold_3,invol_churn,failure_incorrect_cvc_count,0.0,1500
fold_3,invol_churn,failure_expired_card_count,4.97882149428948e-06,1500
fold_3,invol_churn,failure_authentication_required_count,2.312744719113068e-06,1500
fold_3,invol_churn,failure_do_not_honor_count,0.0,1500
fold_3,invol_churn,failure_processing_error_count,2.201840683917105e-05,1500
fold_3,invol_churn,failure_generic_decline_count,0.0,1500
fold_3,invol_churn,is_3d_secure_rate,0.023837308344321965,1500
fold_3,invol_churn,is_3d_secure_authenticated_rate,0.009122425042067962,1500
fold_3,invol_churn,is_prepaid_rate,0.00375476302705915,1500
fold_3,invol_churn,is_virtual_rate,0.010361386820103647,1500
fold_3,invol_churn,is_business_rate,0.054456507764600225,1500
fold_3,invol_churn,attempt_last_billing_address_country,0.015853786435213933,1500
fold_3,invol_churn,attempt_last_card_3d_secure_support,0.04419721213050282,1500
fold_3,invol_churn,attempt_last_card_brand,0.022984073163955558,1500
fold_3,invol_churn,attempt_last_card_country,0.10864855176493163,1500
fold_3,invol_churn,attempt_last_card_funding,0.08265734241606389,1500
fold_3,invol_churn,attempt_last_cvc_check,0.06171395151818144,1500
fold_3,invol_churn,attempt_last_digital_wallet,0.003391282103850088,1500
fold_3,invol_churn,attempt_last_payment_method_type,0.0,1500
fold_3,invol_churn,attempt_last_bank_name,0.16375079757693306,1500
fold_3,invol_churn,attempt_last_bank_country,0.012032572247274168,1500
fold_3,invol_churn,attempt_last_failure_code,0.01817509040226962,1500
fold_3,invol_churn,attempt_span_days,0.003860647782184809,1500
fold_3,invol_churn,attempt_success_rate,0.0,1500
fold_3,invol_churn,purchase_count,2.0708616478558695e-05,1500
fold_3,invol_churn,purchase_unique_transactions,0.0,1500
fold_3,invol_churn,purchase_active_days,0.0,1500
fold_3,invol_churn,purchase_amount_sum,0.002902373773315574,1500
fold_3,invol_churn,purchase_amount_mean,0.0030751137468490583,1500
fold_3,invol_churn,purchase_amount_std,0.002632008356239292,1500
fold_3,invol_churn,purchase_amount_max,0.0016479732228615509,1500
fold_3,invol_churn,purchase_first_day,1.6393807368474715e-05,1500
fold_3,invol_churn,purchase_last_day,0.0010832404846690352,1500
fold_3,invol_churn,purchase_type_nunique,0.0,1500
fold_3,invol_churn,purchase_last_type,0.0034288960369166315,1500
fold_3,invol_churn,purchase_count_d1,0.0024746351352037898,1500
fold_3,invol_churn,purchase_spend_d1,0.0035953572814919816,1500
fold_3,invol_churn,purchase_count_d3,0.0004166076331293501,1500
fold_3,invol_churn,purchase_spend_d3,0.0024437723658454033,1500
fold_3,invol_churn,purchase_count_d7,0.001975378474711284,1500
fold_3,invol_churn,purchase_spend_d7,0.004319770195157455,1500
fold_3,invol_churn,purchase_count_d14,0.0,1500
fold_3,invol_churn,purchase_spend_d14,0.0023404303773997327,1500
fold_3,invol_churn,purchase_span_days,0.0032890230892772903,1500
fold_3,invol_churn,attempts_per_purchase,0.0002447260410308358,1500
fold_3,invol_churn,failures_per_purchase,0.0012320037933224524,1500
fold_3,invol_churn,spend_per_attempt,0.003111650258559277,1500
fold_3,invol_churn,purchase_attempt_gap,0.001263111451806704,1500
fold_3,invol_churn,activity_days_total,0.00031837905694126993,1500
fold_3,not_churned,subscription_plan,0.01673501288600753,1500
fold_3,not_churned,country_code,0.09192177449015868,1500
fold_3,not_churned,signup_weekday,0.011078080917847103,1500
fold_3,not_churned,signup_hour,0.009517266757032303,1500
fold_3,not_churned,signup_is_weekend,0.005293892953647136,1500
fold_3,not_churned,quiz_rows,0.0,1500
fold_3,not_churned,quiz_missing_answers,0.0021693040614222765,1500
fold_3,not_churned,quiz_answered,0.0017072585172867496,1500
fold_3,not_churned,quiz_source,0.035720657228182635,1500
fold_3,not_churned,quiz_flow_type,0.002354765145905197,1500
fold_3,not_churned,quiz_team_size,0.05065004148276029,1500
fold_3,not_churned,quiz_experience,0.019518022176985957,1500
fold_3,not_churned,quiz_usage_plan,0.021497831045343613,1500
fold_3,not_churned,quiz_frustration,0.011318404782452397,1500
fold_3,not_churned,quiz_first_feature,0.009368529783883457,1500
fold_3,not_churned,quiz_role,0.005767061281828102,1500
fold_3,not_churned,quiz_cost_concern,0.004926814245259369,1500
fold_3,not_churned,attempt_count,0.000671217660652542,1500
fold_3,not_churned,attempt_unique_transactions,7.4604394979301e-05,1500
fold_3,not_churned,attempt_active_days,0.0020056457698660515,1500
fold_3,not_churned,attempt_success_count,0.000529224865349868,1500
fold_3,not_churned,attempt_failure_count,0.0,1500
fold_3,not_churned,attempt_failure_rate,0.0015537565911172846,1500
fold_3,not_churned,attempt_amount_sum,0.002737154068520988,1500
fold_3,not_churned,attempt_amount_mean,0.005312638801809657,1500
fold_3,not_churned,attempt_amount_std,0.004721579263061532,1500
fold_3,not_churned,attempt_amount_max,0.0047983684171255606,1500
fold_3,not_churned,attempt_first_day,3.3673873186823855e-06,1500
fold_3,not_churned,attempt_last_day,0.01005280413776342,1500
fold_3,not_churned,attempt_night_rate,0.0008289181762997509,1500
fold_3,not_churned,attempt_weekend_rate,0.00721518965997461,1500
fold_3,not_churned,attempt_distinct_failures,0.004053662934463975,1500
fold_3,not_churned,attempt_distinct_cards,0.00016304346576477986,1500
fold_3,not_churned,attempt_distinct_banks,0.002948585406135744,1500
fold_3,not_churned,attempt_distinct_card_countries,0.0004787672853592501,1500
fold_3,not_churned,attempt_count_d1,0.0019020303957317313,1500
fold_3,not_churned,attempt_failures_d1,0.00028386384195319486,1500
fold_3,not_churned,attempt_count_d3,0.0008216137871944293,1500
fold_3,not_churned,attempt_failures_d3,8.000194910626554e-05,1500
fold_3,not_churned,attempt_count_d7,0.0001872856079421972,1500
fold_3,not_churned,attempt_failures_d7,0.0009369135997374391,1500
fold_3,not_churned,attempt_count_d14,0.0009214352063216638,1500
fold_3,not_churned,attempt_failures_d14,0.0013410410005151561,1500
fold_3,not_churned,failure_card_declined_count,4.2696417808292994e-05,1500
fold_3,not_churned,failure_insufficient_funds_count,0.0,1500
fold_3,not_churned,failure_incorrect_cvc_count,0.0,1500
fold_3,not_churned,failure_expired_card_count,3.162622710138105e-06,1500
fold_3,not_churned,failure_authentication_required_count,4.668643510980541e-06,1500
fold_3,not_churned,failure_do_not_honor_count,0.0,1500
fold_3,not_churned,failure_processing_error_count,7.274758300034347e-06,1500
fold_3,not_churned,failure_generic_decline_count,0.0,1500
fold_3,not_churned,is_3d_secure_rate,0.010040205272158941,1500
fold_3,not_churned,is_3d_secure_authenticated_rate,0.0045430162053503274,1500
fold_3,not_churned,is_prepaid_rate,0.0017172884501019258,1500
fold_3,not_churned,is_virtual_rate,0.004757396717508451,1500
fold_3,not_churned,is_business_rate,0.06431511761200355,1500
fold_3,not_churned,attempt_last_billing_address_country,0.042216582750203895,1500
fold_3,not_churned,attempt_last_card_3d_secure_support,0.12705331214661017,1500
fold_3,not_churned,attempt_last_card_brand,0.017243271332203776,1500
fold_3,not_churned,attempt_last_card_country,0.05045170047426021,1500
fold_3,not_churned,attempt_last_card_funding,0.042199888947961776,1500
fold_3,not_churned,attempt_last_cvc_check,0.05247168969687014,1500
fold_3,not_churned,attempt_last_digital_wallet,0.0035485784040855217,1500
fold_3,not_churned,attempt_last_payment_method_type,0.0,1500
fold_3,not_churned,attempt_last_bank_name,0.07493824053492058,1500
fold_3,not_churned,attempt_last_bank_country,0.009648374525830066,1500
fold_3,not_churned,attempt_last_failure_code,0.012564660104032245,1500
fold_3,not_churned,attempt_span_days,0.011767507689148351,1500
fold_3,not_churned,attempt_success_rate,0.0,1500
fold_3,not_churned,purchase_count,2.491800142410269e-05,1500
fold_3,not_churned,purchase_unique_transactions,0.0,1500
fold_3,not_churned,purchase_active_days,0.0,1500
fold_3,not_churned,purchase_amount_sum,0.01142311460318079,1500
fold_3,not_churned,purchase_amount_mean,0.004327372223213936,1500
fold_3,not_churned,purchase_amount_std,0.0030799207032468825,1500
fold_3,not_churned,purchase_amount_max,0.0037609050061913857,1500
fold_3,not_churned,purchase_first_day,2.3660554949305724e-05,1500
fold_3,not_churned,purchase_last_day,0.0044472565467757064,1500
fold_3,not_churned,purchase_type_nunique,0.0,1500
fold_3,not_churned,purchase_last_type,0.008642635370676348,1500
fold_3,not_churned,purchase_count_d1,0.007794352818239986,1500
fold_3,not_churned,purchase_spend_d1,0.012719083236925272,1500
fold_3,not_churned,purchase_count_d3,0.0015657264112408811,1500
fold_3,not_churned,purchase_spend_d3,0.012543036951916399,1500
fold_3,not_churned,purchase_count_d7,0.0018194088456586193,1500
fold_3,not_churned,purchase_spend_d7,0.013025397755807428,1500
fold_3,not_churned,purchase_count_d14,0.0,1500
fold_3,not_churned,purchase_spend_d14,0.00837155951069169,1500
fold_3,not_churned,purchase_span_days,0.008664758619466141,1500
fold_3,not_churned,attempts_per_purchase,0.00022732523914598056,1500
fold_3,not_churned,failures_per_purchase,0.0009128753740230517,1500
fold_3,not_churned,spend_per_attempt,0.004132332136673256,1500
fold_3,not_churned,purchase_attempt_gap,0.0006919005056030404,1500
fold_3,not_churned,activity_days_total,0.0003142726802893147,1500
fold_3,vol_churn,subscription_plan,0.01853578216834622,1500
fold_3,vol_churn,country_code,0.1400521711679884,1500
fold_3,vol_churn,signup_weekday,0.008378256448475887,1500
fold_3,vol_churn,signup_hour,0.009213928624872173,1500
fold_3,vol_churn,signup_is_weekend,0.004707626496454953,1500
fold_3,vol_churn,quiz_rows,0.0,1500
fold_3,vol_churn,quiz_missing_answers,0.0026783281558677955,1500
fold_3,vol_churn,quiz_answered,0.0013657831493326666,1500
fold_3,vol_churn,quiz_source,0.026053801455770607,1500
fold_3,vol_churn,quiz_flow_type,0.0024800909159371784,1500
fold_3,vol_churn,quiz_team_size,0.03189175648478896,1500
fold_3,vol_churn,quiz_experience,0.013337397640395321,1500
fold_3,vol_churn,quiz_usage_plan,0.017370057413312736,1500
fold_3,vol_churn,quiz_frustration,0.027088960455145576,1500
fold_3,vol_churn,quiz_first_feature,0.010153618056046011,1500
fold_3,vol_churn,quiz_role,0.008583255958913795,1500
fold_3,vol_churn,quiz_cost_concern,0.006950050494237896,1500
fold_3,vol_churn,attempt_count,0.000569470635314007,1500
fold_3,vol_churn,attempt_unique_transactions,6.172125281010919e-05,1500
fold_3,vol_churn,attempt_active_days,0.00180052940238895,1500
fold_3,vol_churn,attempt_success_count,0.0008256921981992027,1500
fold_3,vol_churn,attempt_failure_count,0.0,1500
fold_3,vol_churn,attempt_failure_rate,0.0013277803285711965,1500
fold_3,vol_churn,attempt_amount_sum,0.0021161717074848494,1500
fold_3,vol_churn,attempt_amount_mean,0.004188450143847923,1500
fold_3,vol_churn,attempt_amount_std,0.00515778430080253,1500
fold_3,vol_churn,attempt_amount_max,0.004730653481603904,1500
fold_3,vol_churn,attempt_first_day,5.715859441513019e-06,1500
fold_3,vol_churn,attempt_last_day,0.008136643175108937,1500
fold_3,vol_churn,attempt_night_rate,0.0011206976853518293,1500
fold_3,vol_churn,attempt_weekend_rate,0.007681991638104138,1500
fold_3,vol_churn,attempt_distinct_failures,0.0013975516498729262,1500
fold_3,vol_churn,attempt_distinct_cards,0.00021134887947900818,1500
fold_3,vol_churn,attempt_distinct_banks,0.0015001604301581259,1500
fold_3,vol_churn,attempt_distinct_card_countries,0.0007297510956483943,1500
fold_3,vol_churn,attempt_count_d1,0.001997899223854116,1500
fold_3,vol_churn,attempt_failures_d1,0.0003975184221368287,1500
fold_3,vol_churn,attempt_count_d3,0.0010203501683518214,1500
fold_3,vol_churn,attempt_failures_d3,0.00010043390488385963,1500
fold_3,vol_churn,attempt_count_d7,0.0002833739444350999,1500
fold_3,vol_churn,attempt_failures_d7,0.0006064650266370072,1500
fold_3,vol_churn,attempt_count_d14,0.0010325261745137203,1500
fold_3,vol_churn,attempt_failures_d14,0.0007409574285975061,1500
fold_3,vol_churn,failure_card_declined_count,0.00011102548412212543,1500
fold_3,vol_churn,failure_insufficient_funds_count,0.0,1500
fold_3,vol_churn,failure_incorrect_cvc_count,0.0,1500
fold_3,vol_churn,failure_expired_card_count,1.8697821685723503e-06,1500
fold_3,vol_churn,failure_authentication_required_count,6.855131923213336e-06,1500
fold_3,vol_churn,failure_do_not_honor_count,0.0,1500
fold_3,vol_churn,failure_processing_error_count,2.3592528994564e-05,1500
fold_3,vol_churn,failure_generic_decline_count,0.0,1500
fold_3,vol_churn,is_3d_secure_rate,0.013963523526168786,1500
fold_3,vol_churn,is_3d_secure_authenticated_rate,0.004638503769371747,1500
fold_3,vol_churn,is_prepaid_rate,0.002090676564068672,1500
fold_3,vol_churn,is_virtual_rate,0.005721585013075768,1500
fold_3,vol_churn,is_business_rate,0.010804925426330401,1500
fold_3,vol_churn,attempt_last_billing_address_country,0.0313190867490669,1500
fold_3,vol_churn,attempt_last_card_3d_secure_support,0.10634115480143146,1500
fold_3,vol_churn,attempt_last_card_brand,0.009968775021736544,1500
fold_3,vol_churn,attempt_last_card_country,0.09834551658908251,1500
fold_3,vol_churn,attempt_last_card_funding,0.044758650573686415,1500
fold_3,vol_churn,attempt_last_cvc_check,0.012916079446006593,1500
fold_3,vol_churn,attempt_last_digital_wallet,0.00414066640236147,1500
fold_3,vol_churn,attempt_last_payment_method_type,0.0,1500
fold_3,vol_churn,attempt_last_bank_name,0.0976204887563281,1500
fold_3,vol_churn,attempt_last_bank_country,0.010240179966895106,1500
fold_3,vol_churn,attempt_last_failure_code,0.00770301757366694,1500
fold_3,vol_churn,attempt_span_days,0.008193340418228506,1500
fold_3,vol_churn,attempt_success_rate,0.0,1500
fold_3,vol_churn,purchase_count,6.4474465574378115e-06,1500
fold_3,vol_churn,purchase_unique_transactions,0.0,1500
fold_3,vol_churn,purchase_active_days,0.0,1500
fold_3,vol_churn,purchase_amount_sum,0.010592809716938876,1500
fold_3,vol_churn,purchase_amount_mean,0.005869533182752054,1500
fold_3,vol_churn,purchase_amount_std,0.0010650555987410373,1500
fold_3,vol_churn,purchase_amount_max,0.0035901712737513693,1500
fold_3,vol_churn,purchase_first_day,7.767267534632442e-06,1500
fold_3,vol_churn,purchase_last_day,0.003774354594718439,1500
fold_3,vol_churn,purchase_type_nunique,0.0,1500
fold_3,vol_churn,purchase_last_type,0.007425248190685929,1500
fold_3,vol_churn,purchase_count_d1,0.010023730574648351,1500
fold_3,vol_churn,purchase_spend_d1,0.0130924274260465,1500
fold_3,vol_churn,purchase_count_d3,0.0016408048004688451,1500
fold_3,vol_churn,purchase_spend_d3,0.012218490109577445,1500
fold_3,vol_churn,purchase_count_d7,0.00359360869349743,1500
fold_3,vol_churn,purchase_spend_d7,0.010407149859690233,1500
fold_3,vol_churn,purchase_count_d14,0.0,1500
fold_3,vol_churn,purchase_spend_d14,0.00779180814259138,1500
fold_3,vol_churn,purchase_span_days,0.005416631887217401,1500
fold_3,vol_churn,attempts_per_purchase,0.0002403878335612852,1500
fold_3,vol_churn,failures_per_purchase,0.0006261196404020098,1500
fold_3,vol_churn,spend_per_attempt,0.004531034306846893,1500
fold_3,vol_churn,purchase_attempt_gap,0.000830099050675342,1500
fold_3,vol_churn,activity_days_total,0.0004519968923704155,1500
